id,autodel_analysis_age_limit,autodel_analysis_limit,autodel_overwrite_global,created,description_xml,last_analysis_id,name_xml,next_sequence_id,parent_id,path_xml
119,"","",False,2018-04-25 17:18:54.615498+09:00,"",470,avn_kk_lk_20180425,2,1,/avn_kk_lk_20180425
122,"","",False,2018-04-26 11:05:27.596362+09:00,"",482,Heron_ADS_CommonPatch_201804,2,1,/Heron_ADS_CommonPatch_201804
141,"","",False,2018-05-12 13:08:27.507552+09:00,"",1337,TCC3730-DSP-HYH,24,1,/TCC3730-DSP-HYH
149,"","",False,2018-05-17 11:54:53.045762+09:00,"",684,avn-kk-lk-qb,2,1,/avn-kk-lk-qb
165,"","",False,2018-05-17 16:04:35.840722+09:00,"",714,bsp-avn-kk-lk-wang,2,1,/bsp-avn-kk-lk-wang
175,"","",False,2018-05-21 15:07:02.276411+09:00,"",757,AAS_AVN_KK_DT_ADTEAM_CAMERA_kernel_180521,4,1,/AAS_AVN_KK_DT_ADTEAM_CAMERA_kernel_180521
180,"","",False,2018-05-24 15:42:15.255736+09:00,"",1331,TCC3730-CM3-HYH,25,1,/TCC3730-CM3-HYH
182,"","",False,2018-05-25 13:32:38.014913+09:00,"",790,avnkkdt_adteam_hdmi_lk_180525,2,1,/avnkkdt_adteam_hdmi_lk_180525
183,"","",False,2018-05-25 16:51:08.162362+09:00,"",1139,bsp-avn-kk-v2.1-lk-mj,43,1,/bsp-avn-kk-v2.1-lk-mj
186,"","",False,2018-05-25 18:14:52.737369+09:00,"",1080,avn-kk-v2.1_160512-kernel-audio,10,1,/avn-kk-v2.1_160512-kernel-audio
187,"","",False,2018-05-28 10:39:18.111663+09:00,"",1129,bsp-avn-kk-v2.1-kernel-gb,27,1,/bsp-avn-kk-v2.1-kernel-gb
190,"","",False,2018-05-28 10:48:54.217054+09:00,"",807,avnkkdt_adteam_camera_kernel_180525,2,1,/avnkkdt_adteam_camera_kernel_180525
192,"","",False,2018-05-28 10:56:58.389514+09:00,"",809,carplay.mobis.20180528.03,2,1,/carplay.mobis.20180528.03
194,"","",False,2018-05-28 11:54:43.585458+09:00,"",1008,avn-kk-earlycam,4,1,/avn-kk-earlycam
196,"","",False,2018-05-28 13:44:04.897649+09:00,"",818,iap1.mobis.20180528.03,2,1,/iap1.mobis.20180528.03
198,"","",False,2018-05-28 15:37:24.575626+09:00,"",821,iap2.mobis.20180528.04,2,1,/iap2.mobis.20180528.04
201,"","",False,2018-05-29 14:20:17.689192+09:00,"",858,tmsp180529,2,1,/tmsp180529
205,"","",False,2018-05-31 19:11:21.243065+09:00,"",891,180531_tdd_adteam,2,1,/180531_tdd_adteam
211,"","",False,2018-06-04 20:09:52.541469+09:00,"",1184,bsp-avn-kk-v2.1-kernel-mj,35,1,/bsp-avn-kk-v2.1-kernel-mj
213,"","",False,2018-06-08 17:31:23.851019+09:00,"",989,avn-kk-kernel-0608-wang,7,1,/avn-kk-kernel-0608-wang
215,"","",False,2018-06-11 16:31:06.577409+09:00,"",9563,Project1,122,1,/Project1
223,"","",False,2018-06-14 15:23:25.876639+09:00,"",1660,TCC803x_micom_mj,25,1,/TCC803x_micom_mj
233,"","",False,2018-06-14 18:39:01.531660+09:00,"",1060,tcc803x-micom-SHS,3,1,/tcc803x-micom-SHS
236,"","",False,2018-06-19 13:52:42.032709+09:00,"",1147,avn-kk-v2.1_earlycam,4,1,/avn-kk-v2.1_earlycam
240,"","",False,2018-06-20 11:25:24.676272+09:00,"",1109,tcc803x-micom-shs,2,1,/tcc803x-micom-shs
255,"","",False,2018-06-21 10:51:37.574147+09:00,"",1126,JNK_WFD_897x_Codesonar_Base,2,1,/JNK_WFD_897x_Codesonar_Base
263,"","",False,2018-06-25 18:14:25.933587+09:00,"",1142,sp_firmware,2,1,/sp_firmware
264,"","",False,2018-06-26 10:39:00.588328+09:00,"",1145,VOUT_avn-kk-v2.1_lk,2,1,/VOUT_avn-kk-v2.1_lk
265,"","",False,2018-06-26 10:40:43.689552+09:00,"",1146,VOUT_avn-kk-v2.1_kernel,2,1,/VOUT_avn-kk-v2.1_kernel
266,"","",False,2018-06-26 11:11:41.701221+09:00,"",1150,avn_kk_v2.1_kernel_camera,2,1,/avn_kk_v2.1_kernel_camera
268,"","",False,2018-06-26 11:58:35.339218+09:00,"",1152,kernel-v4.4-tcc,2,1,/kernel-v4.4-tcc
270,"","",False,2018-06-26 13:45:31.043018+09:00,"",1179,avn-kk-dt-qb-lk_180626,10,1,/avn-kk-dt-qb-lk_180626
271,"","",False,2018-06-26 17:55:19.285640+09:00,"",1171,avn-kk-earlycam_lk_2,4,1,/avn-kk-earlycam_lk_2
274,"","",False,2018-06-27 09:28:22.312521+09:00,"",1344,tms-player,5,1,/tms-player
275,"","",False,2018-06-27 09:47:43.759802+09:00,"",1172,avn-kk-earlycam_lk_final,2,1,/avn-kk-earlycam_lk_final
277,"","",False,2018-06-27 11:47:36.318495+09:00,"",1182,avn-kk-dt-qb-fw_180627,3,1,/avn-kk-dt-qb-fw_180627
278,"","",False,2018-07-04 14:20:53.899768+09:00,"",1185,VOUT_avn-kk-v2.1_lk_org,2,1,/VOUT_avn-kk-v2.1_lk_org
279,"","",False,2018-07-04 14:39:41.563941+09:00,"",1186,VOUT_avn-kk-v2.1_kernel_org,2,1,/VOUT_avn-kk-v2.1_kernel_org
280,"","",False,2018-07-04 16:10:33.485099+09:00,"",1213,TDD_20180704_MMT,15,1,/TDD_20180704_MMT
287,"","",False,2018-07-05 16:25:44.147224+09:00,"",1279,Heron_ADS_CommonPatch_201807,14,1,/Heron_ADS_CommonPatch_201807
289,"","",False,2018-07-06 14:34:02.447257+09:00,"",1261,TCC813x_A4V_Test,11,1,/TCC813x_A4V_Test
291,"","",False,2018-07-11 11:24:14.329785+09:00,"",1222,RTS_tempForRelease,3,1,/RTS_tempForRelease
295,"","",False,2018-07-12 10:18:13.837497+09:00,"",1239,tcc803x_micom_lws,4,1,/tcc803x_micom_lws
296,"","",False,2018-07-12 11:05:17.869371+09:00,"",1252,tkernel_bsp,13,1,/tkernel_bsp
298,"","",False,2018-07-12 19:52:08.593647+09:00,"",1258,tcc813x_rtos_wang,7,1,/tcc813x_rtos_wang
299,"","",False,2018-07-13 11:01:23.634734+09:00,"",1262,tcc813x_rtos_wang_0,4,1,/tcc813x_rtos_wang_0
304,"","",False,2018-08-01 12:26:58.439246+09:00,"",1303,Tc_DAB_180801,5,1,/Tc_DAB_180801
306,"","",False,2018-08-01 14:19:34.852429+09:00,"",1288,jnk-kernel,2,1,/jnk-kernel
308,"","",False,2018-08-01 14:42:34.534043+09:00,"",1294,wyplay-package,5,1,/wyplay-package
314,"","",False,2018-08-07 18:15:04.480103+09:00,"",1316,ALS_TMPlayer_180807,9,1,/ALS_TMPlayer_180807
326,"","",False,2018-08-21 12:06:18.400319+09:00,"",1345,mali_codesonar,2,1,/mali_codesonar
330,"","",False,2018-09-18 12:25:34.067318+09:00,"",9482,make,5,1,/make
335,"","",False,2018-09-28 10:15:11.184817+09:00,"",1394,TCC803x_MICOM_V140_20180928,2,1,/TCC803x_MICOM_V140_20180928
336,"","",False,2018-10-02 14:48:41.527352+09:00,"",1555,Heron_ADS_TEST_20181002,8,1,/Heron_ADS_TEST_20181002
343,"","",False,2018-11-19 14:21:12.668271+09:00,"",1456,MMT_JPU_C6_ARM32,13,1,/MMT_JPU_C6_ARM32
344,"","",False,2018-11-19 14:26:04.110893+09:00,"",1506,MMT_VPU_D6_ARM32,12,1,/MMT_VPU_D6_ARM32
345,"","",False,2018-11-19 14:28:58.535376+09:00,"",1471,MMT_HEVC_D8_ARM32,8,1,/MMT_HEVC_D8_ARM32
346,"","",False,2018-11-20 11:16:19.541238+09:00,"",1477,MMT_VPU_C7_ARM32,7,1,/MMT_VPU_C7_ARM32
347,"","",False,2018-11-20 14:54:58.121459+09:00,"",1487,MMT_VPU_4K_D2_ARM32,11,1,/MMT_VPU_4K_D2_ARM32
348,"","",False,2018-11-20 18:12:12.987248+09:00,"",1489,MMT_HEVC_D9_ARM32,3,1,/MMT_HEVC_D9_ARM32
349,"","",False,2018-11-20 20:06:37.083448+09:00,"",1491,MMT_JPU_C6_ARM64,3,1,/MMT_JPU_C6_ARM64
350,"","",False,2018-11-20 20:24:15.930869+09:00,"",1494,MMT_VPU_C7_ARM64,4,1,/MMT_VPU_C7_ARM64
351,"","",False,2018-11-20 20:40:58.507831+09:00,"",1497,MMT_HEVC_D8_ARM64,4,1,/MMT_HEVC_D8_ARM64
352,"","",False,2018-11-21 11:24:59.419709+09:00,"",1500,MMT_VPU_4K_D2_ARM64,4,1,/MMT_VPU_4K_D2_ARM64
353,"","",False,2018-11-21 11:38:56.277038+09:00,"",1505,MMT_VPU_D6_ARM64,6,1,/MMT_VPU_D6_ARM64
354,"","",False,2018-11-21 12:28:05.024397+09:00,"",1514,MMT_VP9_D9_ARM32,8,1,/MMT_VP9_D9_ARM32
355,"","",False,2018-11-21 14:09:31.978235+09:00,"",1520,MMT_VPU_C2_ARM32,8,1,/MMT_VPU_C2_ARM32
356,"","",False,2018-11-21 17:08:55.730258+09:00,"",1531,MMT_JPU_C5_ARM32,12,1,/MMT_JPU_C5_ARM32
357,"","",False,2018-11-21 20:30:20.834007+09:00,"",1539,MMT_VPU_C5_ARM32,9,1,/MMT_VPU_C5_ARM32
358,"","",False,2018-11-26 11:37:54.256746+09:00,"",1779,tcradio_app_v2p0_peri,9,1,/tcradio_app_v2p0_peri
359,"","",False,2018-11-26 11:40:32.159923+09:00,"",1781,tcradio_app_v2p0_tunerdrv,4,1,/tcradio_app_v2p0_tunerdrv
360,"","",False,2018-11-26 11:41:03.181694+09:00,"",1782,tcradio_app_v2p0_hal,3,1,/tcradio_app_v2p0_hal
361,"","",False,2018-11-26 11:42:06.894261+09:00,"",1784,tcradio_app_v2p0_mw,8,1,/tcradio_app_v2p0_mw
362,"","",False,2018-11-26 11:42:30.305069+09:00,"",1785,tcradio_app_v2p0_app,3,1,/tcradio_app_v2p0_app
365,"","",False,2018-12-10 20:35:33.472460+09:00,"",1558,MMT_JPU_C6_ARM32_1,3,1,/MMT_JPU_C6_ARM32_1
366,"","",False,2018-12-13 14:05:09.453354+09:00,"",1562,MMT_JPU_C6_ARM32_2,5,1,/MMT_JPU_C6_ARM32_2
367,"","",False,2018-12-13 14:45:54.621703+09:00,"",1563,MMT_JPU_C6_ARM64_1,2,1,/MMT_JPU_C6_ARM64_1
371,"","",False,2018-12-26 19:39:53.669289+09:00,"",1583,gst-omx,6,1,/gst-omx
372,"","",False,2018-12-27 12:06:07.325307+09:00,"",1582,gst-good,3,1,/gst-good
374,"","",False,2019-01-14 10:35:19.557667+09:00,"",1736,TCC803x_MICOM_20190114,25,1,/TCC803x_MICOM_20190114
375,"","",False,2019-01-15 11:35:59.158615+09:00,"",1596,TCC8996x_HwDemux,2,3,/SecurityTeam/TCC8996x_HwDemux
382,"","",False,2019-01-22 15:47:09.248481+09:00,"",1627,jpu_encoder_analysis,2,1,/jpu_encoder_analysis
390,"","",False,2019-02-13 15:14:41.428750+09:00,"",1641,hdcp2_wfd_ca,3,3,/SecurityTeam/hdcp2_wfd_ca
391,"","",False,2019-02-19 15:07:06.871491+09:00,"",1651,TCC803x_BSP_kernel_mj,2,1,/TCC803x_BSP_kernel_mj
395,"","",False,2019-02-25 12:11:02.791313+09:00,"",1669,Heron_BT_YS,4,1,/Heron_BT_YS
397,"","",False,2019-02-27 10:37:04.619736+09:00,"",1986,RTOS_190227,3,1,/RTOS_190227
400,"","",False,2019-03-01 16:29:38.145320+09:00,"",1675,isdbt_dolp_0301,2,3,/SecurityTeam/isdbt_dolp_0301
401,"","",False,2019-03-01 18:23:17.542239+09:00,"",1676,trmp_dolp_0301,2,3,/SecurityTeam/trmp_dolp_0301
403,"","",False,2019-03-14 17:51:18.286436+09:00,"",1684,CLStccgstTest,8,1,/CLStccgstTest
409,"","",False,2019-03-22 18:47:51.206074+09:00,"",1691,hwdmx-tcc803x,2,3,/SecurityTeam/hwdmx-tcc803x
411,"","",False,2019-03-26 10:31:10.751190+09:00,"",1697,tcc8990_nsk,5,3,/SecurityTeam/tcc8990_nsk
414,"","",False,2019-03-27 11:46:32.242524+09:00,"",1719,hwdmx-tcc899x,16,3,/SecurityTeam/hwdmx-tcc899x
416,"","",False,2019-04-03 16:05:51.939651+09:00,"",1729,tgif0403_2,7,1,/tgif0403_2
417,"","",False,2019-04-16 11:48:55.975770+09:00,"",1735,TCC803x_MICOM_V170,3,1,/TCC803x_MICOM_V170
419,"","",False,2019-05-02 15:02:10.214689+09:00,"",3513,tgif,15,1,/tgif
420,"","",False,2019-05-03 18:16:20.931029+09:00,"",1877,codesonar_micom,23,1,/codesonar_micom
421,"","",False,2019-05-07 10:44:18.650063+09:00,"",1973,TCC803x_MICOM_V150,5,1,/TCC803x_MICOM_V150
422,"","",False,2019-05-10 17:46:53.942106+09:00,"",1755,ISO26262_jungmo_20190510,2,1,/ISO26262_jungmo_20190510
423,"","",False,2019-05-13 15:58:04.854375+09:00,"",1776,tgif_0513,10,1,/tgif_0513
425,"","",False,2019-05-13 20:01:09.303229+09:00,"",1891,Humax_TCC803x_BSP_kernel_gb,6,1,/Humax_TCC803x_BSP_kernel_gb
427,"","",False,2019-05-15 15:48:33.061727+09:00,"",1868,tcradio_app_v2p0_hdradio,23,1,/tcradio_app_v2p0_hdradio
428,"","",False,2019-05-16 12:24:33.897772+09:00,"",1925,tc_hdradio_framework_v1p0_hdradio,7,1,/tc_hdradio_framework_v1p0_hdradio
441,"","",False,2019-05-27 12:18:00.456356+09:00,"",1937,Humax_TCC803x_BSP_u-boot_11,3,1,/Humax_TCC803x_BSP_u-boot_11
443,"","",False,2019-05-27 14:38:38.914992+09:00,"",1898,Humax_TCC803x_BSP_u-boot_143,2,1,/Humax_TCC803x_BSP_u-boot_143
445,"","",False,2019-05-27 16:16:35.270387+09:00,"",1938,Humax_TCC803x_BSP_kernel_11,3,1,/Humax_TCC803x_BSP_kernel_11
449,"","",False,2019-05-28 15:07:29.083093+09:00,"",1918,Humax_TCC803x_BSP_u-boot_jyp,2,1,/Humax_TCC803x_BSP_u-boot_jyp
454,"","",False,2019-05-30 19:33:07.436647+09:00,"",3703,tc_hdradio_framework_v0p3p0_hdradio,12,1,/tc_hdradio_framework_v0p3p0_hdradio
458,"","",False,2019-06-03 11:14:18.202033+09:00,"",1934,tc-dbgen,2,1,/tc-dbgen
459,"","",False,2019-06-04 09:45:08.282777+09:00,"",7870,TCC803x_MISRA2012_v150,74,1,/TCC803x_MISRA2012_v150
460,"","",False,2019-06-04 15:02:36.301495+09:00,"",1944,Humax_TCC803x_BSP_u-boot_common,2,1,/Humax_TCC803x_BSP_u-boot_common
461,"","",False,2019-06-04 15:05:39.981057+09:00,"",1945,Humax_TCC803x_BSP_kernel_common,2,1,/Humax_TCC803x_BSP_kernel_common
462,"","",False,2019-06-04 18:23:01.092583+09:00,"",1946,micom_tcc803x_190604,2,1,/micom_tcc803x_190604
464,"","",False,2019-06-05 12:07:06.965871+09:00,"",2837,Humax_TCC803x_BSP_u-boot_req,9,1,/Humax_TCC803x_BSP_u-boot_req
465,"","",False,2019-06-05 12:16:15.496344+09:00,"",2834,Humax_TCC803x_BSP_kernel_req,5,1,/Humax_TCC803x_BSP_kernel_req
467,"","",False,2019-06-10 17:38:09.611886+09:00,"",2701,TCC8131_PC,5,1,/TCC8131_PC
468,"","",False,2019-06-11 11:48:11.661830+09:00,"",2038,tgif20190611,6,1,/tgif20190611
469,"","",False,2019-06-11 13:49:26.488174+09:00,"",2039,TCC803x_MISRA2012_v151,2,1,/TCC803x_MISRA2012_v151
470,"","",False,2019-06-12 15:27:26.762024+09:00,"",2043,TCC803x_ISO26262_CS,3,1,/TCC803x_ISO26262_CS
471,"","",False,2019-06-12 15:53:18.268967+09:00,"",9416,TCC8030_ISO26262_CS,38,1,/TCC8030_ISO26262_CS
472,"","",False,2019-06-12 16:50:39.476227+09:00,"",2358,TCC8130_CANDriver_Test,16,1,/TCC8130_CANDriver_Test
475,"","",False,2019-06-16 03:50:47.332482+09:00,"",2056,ABSP_tcc803x_u-boot_00,2,1,/ABSP_tcc803x_u-boot_00
478,"","",False,2019-06-19 15:03:07.234487+09:00,"",2059,TCC_CP_190619,2,1,/TCC_CP_190619
479,"","",False,2019-06-19 15:12:56.622640+09:00,"",2085,TCC_CP_190619.2,19,1,/TCC_CP_190619.2
480,"","",False,2019-06-20 11:54:53.513707+09:00,"",2312,misra2012_humax_qac,21,1,/misra2012_humax_qac
481,"","",False,2019-06-20 16:26:40.566459+09:00,"",2155,DTCC803x_MISRA2012_v150,7,1,/DTCC803x_MISRA2012_v150
482,"","",False,2019-06-20 16:32:49.524740+09:00,"",2151,MICOM_IPC_190620.1,34,1,/MICOM_IPC_190620.1
483,"","",False,2019-06-20 17:06:16.904841+09:00,"",2103,TCC803x_MISRA2012_ym,4,1,/TCC803x_MISRA2012_ym
484,"","",False,2019-06-21 08:42:45.766474+09:00,"",2105,TEST_PMIO,2,1,/TEST_PMIO
485,"","",False,2019-06-21 08:54:29.388354+09:00,"",2110,TESTPMIO,4,1,/TESTPMIO
486,"","",False,2019-06-21 09:12:33.553414+09:00,"",2115,TESTPMIO2,2,1,/TESTPMIO2
487,"","",False,2019-06-21 09:44:22.768606+09:00,"",2123,TCC803x_MISRA2012_PMIO,2,1,/TCC803x_MISRA2012_PMIO
488,"","",False,2019-06-21 09:47:22.907668+09:00,"",2124,TCC803x_MISRA2012_PMIO2,2,1,/TCC803x_MISRA2012_PMIO2
489,"","",False,2019-06-21 16:03:03.974024+09:00,"",2152,LYMTCC803x_M.conf,7,1,/LYMTCC803x_M.conf
490,"","",False,2019-06-24 16:14:19.361853+09:00,"",2178,LYMTCC803x_M,20,1,/LYMTCC803x_M
491,"","",False,2019-06-27 10:52:49.773029+09:00,"",2316,modemanager,22,1,/modemanager
492,"","",False,2019-06-28 09:36:18.135399+09:00,"",2217,TCC803x_JM_Humax,13,1,/TCC803x_JM_Humax
493,"","",False,2019-06-28 17:21:36.078265+09:00,"",2241,libtcipcctrl,9,1,/libtcipcctrl
495,"","",False,2019-07-01 11:59:23.766051+09:00,"",2246,tc-micom-manager,6,1,/tc-micom-manager
497,"","",False,2019-07-02 09:55:00.477399+09:00,"",3721,tms_analysis_190702,35,1,/tms_analysis_190702
498,"","",False,2019-07-02 10:55:02.322841+09:00,"",9271,libdbgen,21,1,/libdbgen
499,"","",False,2019-07-03 14:13:52.875269+09:00,"",2737,cs_misra2012_v150,25,1,/cs_misra2012_v150
504,"","",False,2019-07-08 20:38:52.670318+09:00,"",3384,tcc803x_iso26262_timer,41,1,/tcc803x_iso26262_timer
507,"","",False,2019-07-09 15:09:06.541797+09:00,"",2539,MicomIpcMisra2012,40,1,/MicomIpcMisra2012
510,"","",False,2019-07-09 16:46:00.329726+09:00,"",2350,tcc803x_iso26262_watchdog,2,1,/tcc803x_iso26262_watchdog
511,"","",False,2019-07-09 16:50:14.645463+09:00,"",2631,TCC803x_MICOM_0709,164,1,/TCC803x_MICOM_0709
513,"","",False,2019-07-09 17:44:04.214321+09:00,"",2460,TCC803x_iso26262_kbs,12,1,/TCC803x_iso26262_kbs
515,"","",False,2019-07-09 18:39:57.090271+09:00,"",3115,TCC803x_CANDriver_Test_20190709,11,1,/TCC803x_CANDriver_Test_20190709
522,"","",False,2019-07-17 10:24:43.293499+09:00,"",2697,TCC803x_MICOM_v2.x_0717,60,1,/TCC803x_MICOM_v2.x_0717
523,"","",False,2019-07-17 12:03:05.986158+09:00,"",2733,tcc803x_iso26262_pwm,3,1,/tcc803x_iso26262_pwm
525,"","",False,2019-07-18 20:40:22.624891+09:00,"",2688,tcc803x_iso26262_pdm,2,1,/tcc803x_iso26262_pdm
529,"","",False,2019-07-22 21:41:56.713811+09:00,"",2700,tcc803x_iso26262_test,2,1,/tcc803x_iso26262_test
530,"","",False,2019-07-23 11:48:10.556632+09:00,"",2703,RTOS_190723,3,1,/RTOS_190723
531,"","",False,2019-07-23 12:18:29.554123+09:00,"",2727,Heron_20190723,5,1,/Heron_20190723
532,"","",False,2019-07-24 11:40:13.813723+09:00,"",2800,TCC803x_MISRA2012_v150_SH,6,1,/TCC803x_MISRA2012_v150_SH
533,"","",False,2019-07-26 19:09:53.905467+09:00,"",2792,tcc803x_iso26262_wdt,4,1,/tcc803x_iso26262_wdt
535,"","",False,2019-07-31 12:16:06.535658+09:00,"",2740,APLT_tcc803x_u-boot_00,2,1,/APLT_tcc803x_u-boot_00
536,"","",False,2019-07-31 12:46:41.183326+09:00,"",2744,APLT_TCC803x_u-boot_00,5,1,/APLT_TCC803x_u-boot_00
537,"","",False,2019-08-01 13:53:35.465973+09:00,"",5618,iptv,31,1,/iptv
539,"","",False,2019-08-01 14:47:01.175216+09:00,"",2778,CELINUXTCCGST,30,1,/CELINUXTCCGST
546,"","",False,2019-08-04 14:09:55.323386+09:00,"",3846,tms,5,1,/tms
547,"","",False,2019-08-06 18:38:21.006273+09:00,"",3003,tcc803x_iso26262_spi,9,1,/tcc803x_iso26262_spi
548,"","",False,2019-08-06 19:47:16.808782+09:00,"",3406,Humax_TCC803x_BSP_u-boot,21,1,/Humax_TCC803x_BSP_u-boot
549,"","",False,2019-08-06 19:48:04.723813+09:00,"",3407,Humax_TCC803x_BSP_kernel,29,1,/Humax_TCC803x_BSP_kernel
552,"","",False,2019-08-07 16:45:45.013286+09:00,"",2848,HYUNDAI_CP,3,1,/HYUNDAI_CP
558,"","",False,2019-08-08 14:31:58.275575+09:00,"",3120,Humax_TCC803x_BSP_kernel_aaudio,70,1,/Humax_TCC803x_BSP_kernel_aaudio
559,"","",False,2019-08-08 15:00:13.249586+09:00,"",2877,hello-test,2,1,/hello-test
561,"","",False,2019-08-08 17:16:17.862834+09:00,"",2881,iso26262,2,1,/iso26262
562,"","",False,2019-08-08 17:26:21.540308+09:00,"",2886,iso26262-2,3,1,/iso26262-2
569,"","",False,2019-08-09 18:53:34.923821+09:00,"",3004,TMS_TEST_SHIN,9,1,/TMS_TEST_SHIN
570,"","",False,2019-08-09 19:03:29.444990+09:00,"",3077,tms0809,19,1,/tms0809
571,"","",False,2019-08-09 19:09:41.417935+09:00,"",2981,app_avn_pie_fb,6,1,/app_avn_pie_fb
574,"","",False,2019-08-10 20:50:44.681282+09:00,"",3086,Humax_TCC803x_BSP_kernel_jhkim,6,1,/Humax_TCC803x_BSP_kernel_jhkim
577,"","",False,2019-08-11 12:09:57.864289+09:00,"",3014,tms,3,3,/SecurityTeam/tms
585,"","",False,2019-08-12 13:40:24.227801+09:00,"",3100,TMRCR-305,8,3,/SecurityTeam/TMRCR-305
587,"","",False,2019-08-12 15:58:43.792486+09:00,"",3062,avn-803x-pie-vpu,3,1,/avn-803x-pie-vpu
588,"","",False,2019-08-12 17:49:12.643676+09:00,"",3064,avn-803x-pie-vpu-v0.1,2,1,/avn-803x-pie-vpu-v0.1
589,"","",False,2019-08-12 18:04:53.024540+09:00,"",3065,avn-803x-pie-vpu-v0.2,2,1,/avn-803x-pie-vpu-v0.2
591,"","",False,2019-08-12 19:23:40.501470+09:00,"",3070,avn-803x-pie-vpu-v0.3,2,1,/avn-803x-pie-vpu-v0.3
592,"","",False,2019-08-12 20:18:41.534955+09:00,"",3073,avn-803x-pie-vpu-v0.4,2,1,/avn-803x-pie-vpu-v0.4
594,"","",False,2019-08-12 21:45:13.678084+09:00,"",3079,Humax_TCC803x_BSP_Kernel_jw,3,1,/Humax_TCC803x_BSP_Kernel_jw
595,"","",False,2019-08-13 00:40:44.233307+09:00,"",3085,Humax_TCC803x_BSP_u-boot_jhkim,4,1,/Humax_TCC803x_BSP_u-boot_jhkim
596,"","",False,2019-08-13 09:47:37.843137+09:00,"",3098,app_lut_v1,3,1,/app_lut_v1
597,"","",False,2019-08-13 11:36:37.171643+09:00,"",3127,tcc-common-api,14,1,/tcc-common-api
598,"","",False,2019-08-13 20:26:17.392810+09:00,"",3219,Humax_TCC803x_BSP_Kernel_jwlee,7,1,/Humax_TCC803x_BSP_Kernel_jwlee
599,"","",False,2019-08-13 22:31:02.581940+09:00,"",3149,Humax_TCC803x_BSP_u-boot_jwlee,8,1,/Humax_TCC803x_BSP_u-boot_jwlee
600,"","",False,2019-08-14 18:07:47.162188+09:00,"",4059,tccgstplayer,30,1,/tccgstplayer
602,"","",False,2019-08-15 17:28:56.210655+09:00,"",3811,tcc-system-api,11,1,/tcc-system-api
604,"","",False,2019-08-15 19:59:14.274627+09:00,"",3166,kernel,9,3,/SecurityTeam/kernel
606,"","",False,2019-08-16 10:56:36.912671+09:00,"",3190,Humax_TCC803x_BSP_kernel_spdif,11,1,/Humax_TCC803x_BSP_kernel_spdif
607,"","",False,2019-08-16 12:01:00.511596+09:00,"",3368,ABSP-UBOOT-01,3,1,/ABSP-UBOOT-01
608,"","",False,2019-08-16 12:25:37.518369+09:00,"",3226,ABSP-KERNEL-01,5,1,/ABSP-KERNEL-01
610,"","",False,2019-08-16 17:48:26.273162+09:00,"",3199,Humax_TCC803x_BSP_kernel_spdif2,10,1,/Humax_TCC803x_BSP_kernel_spdif2
611,"","",False,2019-08-16 19:39:06.476586+09:00,"",3224,Humax_TCC803x_BSP_u-boot_jgoh,9,1,/Humax_TCC803x_BSP_u-boot_jgoh
613,"","",False,2019-08-16 20:30:13.565631+09:00,"",3252,Humax_TCC803x_BSP_kernel_jgoh,6,1,/Humax_TCC803x_BSP_kernel_jgoh
616,"","",False,2019-08-16 21:42:01.855440+09:00,"",3203,Humax_TCC803x_BSP_u-boot_jhkim2,2,1,/Humax_TCC803x_BSP_u-boot_jhkim2
617,"","",False,2019-08-16 21:55:53.534168+09:00,"",3204,Humax_TCC803x_BSP_u-boot_jhkim3,2,1,/Humax_TCC803x_BSP_u-boot_jhkim3
630,"","",False,2019-08-19 16:59:14.017447+09:00,"",3269,iso26262_cs,17,1,/iso26262_cs
632,"","",False,2019-08-20 14:13:02.935393+09:00,"",6422,bt_stack,6,1,/bt_stack
633,"","",False,2019-08-20 15:09:21.809508+09:00,"",8008,bt_app,254,1,/bt_app
634,"","",False,2019-08-21 10:53:58.762255+09:00,"",4371,humax_req,22,3,/SecurityTeam/humax_req
643,"","",False,2019-08-29 17:54:17.894619+09:00,"",3405,humax_req_m4,4,1,/humax_req_m4
645,"","",False,2019-09-10 18:33:22.465385+09:00,"",3774,TMS_SHIN,94,1,/TMS_SHIN
650,"","",False,2019-09-10 20:16:13.278455+09:00,"",3699,tms_analysis_190910.1,38,1,/tms_analysis_190910.1
654,"","",False,2019-09-10 20:35:12.276165+09:00,"",3598,tms_0910,39,1,/tms_0910
659,"","",False,2019-09-10 22:43:57.094851+09:00,"",3474,tmsapi_kernel,3,1,/tmsapi_kernel
661,"","",False,2019-09-11 11:20:23.022792+09:00,"",3517,ktms_st_01,4,1,/ktms_st_01
662,"","",False,2019-09-11 11:25:40.501183+09:00,"",3495,ktms_st_01s,5,1,/ktms_st_01s
663,"","",False,2019-09-16 11:11:44.352442+09:00,"",3516,ath10,4,1,/ath10
668,"","",False,2019-09-17 12:02:05.324675+09:00,"",3599,tms_0917,3,1,/tms_0917
669,"","",False,2019-09-17 12:39:55.783990+09:00,"",3573,VPU_HEVC_VP9_4K_D2_Wave512_ARM32_V1.03.0.03,5,1,/VPU_HEVC_VP9_4K_D2_Wave512_ARM32_V1.03.0.03
670,"","",False,2019-09-17 15:51:31.104576+09:00,"",3643,VPU_D6_Boda950_V1.03.3.03.branch_V1.05.0.04,12,1,/VPU_D6_Boda950_V1.03.3.03.branch_V1.05.0.04
676,"","",False,2019-09-17 17:01:57.397795+09:00,"",3661,tms_0917_2,5,1,/tms_0917_2
677,"","",False,2019-09-17 17:03:57.617403+09:00,"",3648,tms_0917_3,7,1,/tms_0917_3
685,"","",False,2019-09-18 16:34:55.591696+09:00,"",3687,0918_tms,4,3,/SecurityTeam/0918_tms
686,"","",False,2019-09-19 13:43:29.977733+09:00,"",3680,JK_19Platform_Stack,2,1,/JK_19Platform_Stack
687,"","",False,2019-09-19 13:48:02.845534+09:00,"",3684,JK_19Platform_App,4,1,/JK_19Platform_App
688,"","",False,2019-09-19 15:29:11.419315+09:00,"",3697,VPU_HEVC_VP9_4K_D2_Wave512_ARM32_V1.03.0.04,3,1,/VPU_HEVC_VP9_4K_D2_Wave512_ARM32_V1.03.0.04
689,"","",False,2019-09-19 18:25:35.703717+09:00,"",3695,codesonar_humax,5,3,/SecurityTeam/codesonar_humax
690,"","",False,2019-09-20 10:40:51.717203+09:00,"",3696,0919_tms,2,3,/SecurityTeam/0919_tms
691,"","",False,2019-09-20 11:12:22.455627+09:00,"",3698,0920_tms,2,3,/SecurityTeam/0920_tms
692,"","",False,2019-09-21 17:10:42.724469+09:00,"",3710,VPU_HEVC_VP9_4K_D2_Wave512_ARM32_V1.03.0.05,8,1,/VPU_HEVC_VP9_4K_D2_Wave512_ARM32_V1.03.0.05
693,"","",False,2019-09-23 14:55:05.496271+09:00,"",3834,tc_hdradio_framework_v1p0p0_hdradio,4,1,/tc_hdradio_framework_v1p0p0_hdradio
700,"","",False,2019-09-25 19:48:45.948283+09:00,"",3720,0925_stack_tms,2,3,/SecurityTeam/0925_stack_tms
730,"","",False,2019-10-08 10:26:50.614862+09:00,"",3844,tms_analysis,3,1,/tms_analysis
737,"","",False,2019-10-11 14:26:08.947398+09:00,"",3781,tc_dab_20191011,2,1,/tc_dab_20191011
739,"","",False,2019-10-21 11:56:26.351105+09:00,"",3790,TMBT-392,2,1,/TMBT-392
743,"","",False,2019-10-24 15:50:09.769103+09:00,"",3809,pc_bsaserver,2,1,/pc_bsaserver
744,"","",False,2019-10-24 15:51:15.489741+09:00,"",3810,pc_baserver,2,1,/pc_baserver
745,"","",False,2019-10-24 16:44:43.853570+09:00,"",3812,iptv-cec,2,1,/iptv-cec
747,"","",False,2019-10-24 18:22:40.003795+09:00,"",3820,tcc-common,2,1,/tcc-common
749,"","",False,2019-10-25 15:07:33.292618+09:00,"",3835,tc_hdradio_framework_v1p1p0_peri,2,1,/tc_hdradio_framework_v1p1p0_peri
750,"","",False,2019-10-25 15:08:06.758539+09:00,"",3839,tc_hdradio_framework_v1p1p0_hdradio,3,1,/tc_hdradio_framework_v1p1p0_hdradio
751,"","",False,2019-10-28 10:22:00.653131+09:00,"",3840,tc_hdradio_framework_v1p1p1_hdradio,2,1,/tc_hdradio_framework_v1p1p1_hdradio
752,"","",False,2019-10-28 23:23:23.151026+09:00,"",3842,IPTV_1028,3,1,/IPTV_1028
753,"","",False,2019-10-28 23:27:40.770847+09:00,"",3843,IPTV_Proc_1028,2,1,/IPTV_Proc_1028
754,"","",False,2019-10-29 11:29:43.533710+09:00,"",3845,tms_st,2,1,/tms_st
758,"","",False,2019-11-04 14:18:51.495755+09:00,"",3877,JPU_C6_CodaJ10_TEST,2,1,/JPU_C6_CodaJ10_TEST
763,"","",False,2019-11-08 14:22:25.765893+09:00,"",3907,avi_test,4,1,/avi_test
764,"","",False,2019-11-08 15:21:33.949335+09:00,"",3974,tc-dab-20191011,30,1,/tc-dab-20191011
765,"","",False,2019-11-11 10:42:05.857894+09:00,"",3909,avi,2,1,/avi
766,"","",False,2019-11-11 11:20:49.333174+09:00,"",3947,testcs005,7,1,/testcs005
768,"","",False,2019-11-11 14:00:41.164682+09:00,"",3914,nsk899x_20191111,2,1,/nsk899x_20191111
770,"","",False,2019-11-12 14:22:35.268050+09:00,"",3939,tc_hdradio_framework_v1p1p2_hdradio,5,1,/tc_hdradio_framework_v1p1p2_hdradio
771,"","",False,2019-11-12 15:04:29.261457+09:00,"",3940,testcs006,2,1,/testcs006
783,"","",False,2019-11-13 10:21:03.359036+09:00,"",3970,tc-bs-dab-20191113,6,1,/tc-bs-dab-20191113
786,"","",False,2019-11-13 11:48:49.027089+09:00,"",3979,testcsrtos,3,1,/testcsrtos
788,"","",False,2019-11-13 12:08:10.500235+09:00,"",3978,tc-dab-preset-telechips,2,1,/tc-dab-preset-telechips
790,"","",False,2019-11-13 15:18:28.810652+09:00,"",3986,testcs101,5,1,/testcs101
793,"","",False,2019-11-18 18:16:10.735649+09:00,"",3994,aplt_tc-setting,2,1,/aplt_tc-setting
794,"","",False,2019-11-18 18:39:40.991496+09:00,"",3995,aplt_tmplayer,2,1,/aplt_tmplayer
795,"","",False,2019-11-18 19:37:33.112935+09:00,"",3996,aplt_tc-media-playback,2,1,/aplt_tc-media-playback
796,"","",False,2019-11-18 20:19:47.965116+09:00,"",4017,SimpleSDK,4,1,/SimpleSDK
797,"","",False,2019-11-18 20:32:11.608021+09:00,"",3999,aplt_tc-mode-manager,2,1,/aplt_tc-mode-manager
798,"","",False,2019-11-18 20:46:38.884597+09:00,"",4000,aplt_tmplayer-gui,2,1,/aplt_tmplayer-gui
799,"","",False,2019-11-18 20:47:27.045797+09:00,"",4002,aplt_tc-dab-gui,3,1,/aplt_tc-dab-gui
800,"","",False,2019-11-18 21:02:34.132278+09:00,"",4003,aplt_tc-launcher,2,1,/aplt_tc-launcher
801,"","",False,2019-11-18 21:05:39.518706+09:00,"",4004,aplt_ligtc-gui-utils,2,1,/aplt_ligtc-gui-utils
802,"","",False,2019-11-18 21:07:29.818322+09:00,"",4005,aplt_tc-radio-gui,2,1,/aplt_tc-radio-gui
803,"","",False,2019-11-18 21:14:45.915426+09:00,"",4006,aplt_tc-drm-gui,2,1,/aplt_tc-drm-gui
804,"","",False,2019-11-18 21:21:55.163507+09:00,"",4007,aplt_ligtc-utils,2,1,/aplt_ligtc-utils
805,"","",False,2019-11-18 21:22:12.394407+09:00,"",4008,aplt_tc-micom-manager,2,1,/aplt_tc-micom-manager
806,"","",False,2019-11-18 21:24:22.207348+09:00,"",4012,aplt_libtcipcctrl,3,1,/aplt_libtcipcctrl
807,"","",False,2019-11-18 21:28:09.863621+09:00,"",4010,aplt_tc-update-app,2,1,/aplt_tc-update-app
808,"","",False,2019-11-18 21:29:04.972433+09:00,"",4011,aplt_tc-updater,2,1,/aplt_tc-updater
809,"","",False,2019-11-18 21:38:05.415547+09:00,"",4015,aplt_libtcdbgen,3,1,/aplt_libtcdbgen
810,"","",False,2019-11-18 21:39:09.138656+09:00,"",4014,aplt_admd,2,1,/aplt_admd
811,"","",False,2019-11-18 21:53:38.567002+09:00,"",4016,aplt_tc-carplay-player,2,1,/aplt_tc-carplay-player
812,"","",False,2019-11-19 10:09:09.161237+09:00,"",4021,aplt_tc-osd-app,2,1,/aplt_tc-osd-app
813,"","",False,2019-11-19 10:15:14.556584+09:00,"",4022,aplt_liblog,2,1,/aplt_liblog
814,"","",False,2019-11-19 10:16:35.599070+09:00,"",4031,Heron_TCC8130_20191119,7,1,/Heron_TCC8130_20191119
815,"","",False,2019-11-19 10:24:27.104233+09:00,"",4024,aplt_logcat,2,1,/aplt_logcat
816,"","",False,2019-11-19 10:49:52.446407+09:00,"",4032,Heron_SimpleSDK_20191119,4,1,/Heron_SimpleSDK_20191119
820,"","",False,2019-11-20 11:13:30.903690+09:00,"",4036,Heron_TCC8130_20191120,2,1,/Heron_TCC8130_20191120
821,"","",False,2019-11-20 16:01:17.314853+09:00,"",4043,helloworlda,6,1,/helloworlda
822,"","",False,2019-11-20 16:01:24.720210+09:00,"",4040,world,3,1,/world
823,"","",False,2019-11-20 16:23:23.775583+09:00,"",4045,helloworld,3,1,/helloworld
824,"","",False,2019-11-21 17:30:14.069771+09:00,"",4058,Heron_TCC8130_20191121,4,1,/Heron_TCC8130_20191121
825,"","",False,2019-11-21 19:07:02.147071+09:00,"",4056,T-sound_App_1.1.0,10,1,/T-sound_App_1.1.0
826,"","",False,2019-11-21 19:54:49.817712+09:00,"",4048,T-sound_Kernel_1.1.0,2,1,/T-sound_Kernel_1.1.0
827,"","",False,2019-11-22 11:28:19.467798+09:00,"",4112,TMS_MINI,15,1,/TMS_MINI
828,"","",False,2019-11-22 12:23:03.276497+09:00,"",4061,tms_analysis_codesonar,2,1,/tms_analysis_codesonar
829,"","",False,2019-11-22 15:59:03.916839+09:00,"",4126,camera_app,35,1,/camera_app
831,"","",False,2019-11-22 18:21:17.106388+09:00,"",8474,project,3,1,/project
832,"","",False,2019-11-25 09:52:35.684274+09:00,"",4082,limits_test,4,1,/limits_test
833,"","",False,2019-11-25 14:39:09.536880+09:00,"",4104,PROJECTNAME,3,1,/PROJECTNAME
834,"","",False,2019-11-25 15:17:21.813480+09:00,"",4116,hdi3,3,1,/hdi3
835,"","",False,2019-11-25 18:38:30.531331+09:00,"",9479,test,6,1,/test
836,"","",False,2019-11-25 19:56:10.118384+09:00,"",4119,avn-kk-803x,7,1,/avn-kk-803x
837,"","",False,2019-11-26 17:17:15.989533+09:00,"",4120,kernel-v4.4,2,1,/kernel-v4.4
838,"","",False,2019-11-26 17:18:30.878730+09:00,"",4135,kernel-v4.4_for_camera,4,1,/kernel-v4.4_for_camera
840,"","",False,2019-11-27 11:30:58.864665+09:00,"",4129,tms-st,2,1,/tms-st
842,"","",False,2019-11-29 18:32:14.019896+09:00,"",4505,TC_ECNR_AVES_V102,127,1,/TC_ECNR_AVES_V102
843,"","",False,2019-12-02 12:51:51.977226+09:00,"",8393,test_bcmdhd,104,1,/test_bcmdhd
849,"","",False,2019-12-11 14:56:26.337844+09:00,"",4204,tc-bs-dab-v1.0.44,2,1,/tc-bs-dab-v1.0.44
850,"","",False,2019-12-11 20:44:01.061316+09:00,"",4207,_TestProject,2,1,/_TestProject
851,"","",False,2019-12-12 09:42:38.093993+09:00,"",4211,MLPTest,3,1,/MLPTest
852,"","",False,2019-12-12 10:37:25.837057+09:00,"",4220,B190521_wiki_test1,10,1,/B190521_wiki_test1
853,"","",False,2019-12-12 15:13:32.630742+09:00,"",4471,arm-tf,3,3,/SecurityTeam/arm-tf
854,"","",False,2019-12-12 17:32:31.071248+09:00,"",4224,arm-tf-bl31,2,3,/SecurityTeam/arm-tf-bl31
855,"","",False,2019-12-13 10:22:33.053242+09:00,"",4241,B190521_divX_Test,2,1,/B190521_divX_Test
856,"","",False,2019-12-13 10:23:33.773369+09:00,"",4242,B190521_ivfmuxer_Test,2,1,/B190521_ivfmuxer_Test
857,"","",False,2019-12-13 10:25:58.337753+09:00,"",4243,B190521_ivfmuxer_Test1,2,1,/B190521_ivfmuxer_Test1
858,"","",False,2019-12-13 10:29:51.442955+09:00,"",4244,B190521_divX_Test2,2,1,/B190521_divX_Test2
859,"","",False,2019-12-13 14:30:31.325994+09:00,"",4257,u-boot,3,3,/SecurityTeam/u-boot
861,"","",False,2019-12-17 16:35:33.717100+09:00,"",4273,Heron_SimpleSDK_20191217,2,1,/Heron_SimpleSDK_20191217
862,"","",False,2019-12-18 10:09:48.605318+09:00,"",4275,sc-bl0,2,3,/SecurityTeam/sc-bl0
865,"","",False,2019-12-18 15:33:49.098891+09:00,"",4297,tc-dab_20191218,3,1,/tc-dab_20191218
866,"","",False,2019-12-19 15:35:06.965454+09:00,"",4348,tc-bs-dab-jvck,2,1,/tc-bs-dab-jvck
867,"","",False,2019-12-20 15:07:43.475905+09:00,"",4353,forward-decl,2,1,/forward-decl
883,"","",False,2019-12-23 16:24:51.093644+09:00,"",4375,TCC805x_BL0_SC_LK,2,1,/TCC805x_BL0_SC_LK
886,"","",False,2019-12-23 16:38:59.985444+09:00,"",4378,TCC805x_BL0_MC,2,1,/TCC805x_BL0_MC
888,"","",False,2019-12-23 16:43:58.518836+09:00,"",4380,TCC805x_CA72,2,1,/TCC805x_CA72
889,"","",False,2019-12-23 16:45:16.123447+09:00,"",4381,TCC805x_CA53,2,1,/TCC805x_CA53
891,"","",False,2019-12-23 16:53:00.696301+09:00,"",5253,tc_radio-hdr10_v1p1p4_hdradio,4,1,/tc_radio-hdr10_v1p1p4_hdradio
893,"","",False,2019-12-23 17:35:19.153249+09:00,"",4489,hsm_test,3,3,/SecurityTeam/hsm_test
900,"","",False,2019-12-26 14:43:57.341891+09:00,"",4439,hsm2,2,1,/hsm2
901,"","",False,2019-12-26 16:15:18.627004+09:00,"",4444,B190521_seminar,2,1,/B190521_seminar
902,"","",False,2020-01-03 15:27:57.011563+09:00,"",5341,HSM,41,1,/HSM
909,"","",False,2020-01-08 17:41:13.187297+09:00,"",4504,DAB_AndroidUI,3,1,/DAB_AndroidUI
914,"","",False,2020-01-10 10:56:16.162016+09:00,"",4510,tc-dab_20200108,2,1,/tc-dab_20200108
915,"","",False,2020-01-10 10:58:18.409039+09:00,"",4513,tc-dab_20200110,4,1,/tc-dab_20200110
919,"","",False,2020-01-10 18:07:41.747743+09:00,"",4521,tcc803x_kernel4.14_ivi,2,1,/tcc803x_kernel4.14_ivi
920,"","",False,2020-01-11 16:50:02.523303+09:00,"",4556,lin_bt,13,1,/lin_bt
921,"","",False,2020-01-13 10:20:41.631322+09:00,"",4525,tcc803x_kerne-l4.14_ivi,2,1,/tcc803x_kerne-l4.14_ivi
923,"","",False,2020-01-13 11:32:55.317136+09:00,"",4528,mlt_cdk-demux,2,1,/mlt_cdk-demux
924,"","",False,2020-01-13 11:55:59.196326+09:00,"",4529,mlt_cdk-audio,2,1,/mlt_cdk-audio
934,"","",False,2020-01-13 18:26:31.393740+09:00,"",4539,tcc803x_kerne-4.14_ivi,2,1,/tcc803x_kerne-4.14_ivi
935,"","",False,2020-01-14 10:58:30.462458+09:00,"",4540,tcc803x_kernel-4.14_ivi,2,1,/tcc803x_kernel-4.14_ivi
939,"","",False,2020-01-15 10:34:45.746333+09:00,"",4553,tc-media-playback,2,1,/tc-media-playback
941,"","",False,2020-01-15 14:45:17.226772+09:00,"",4560,aplt_k4.4,2,1,/aplt_k4.4
942,"","",False,2020-01-15 16:56:29.360974+09:00,"",4589,aplt_kernel4.14,16,1,/aplt_kernel4.14
945,"","",False,2020-01-16 15:25:20.912746+09:00,"",4574,lin_bt2,3,1,/lin_bt2
947,"","",False,2020-01-16 18:39:46.384861+09:00,"",4577,TCC803x_Linux_IVI_1.6.1_Kernel_Module_Unit_Test,2,1,/TCC803x_Linux_IVI_1.6.1_Kernel_Module_Unit_Test
948,"","",False,2020-01-20 12:10:33.302339+09:00,"",4588,tc-dab_20200120,6,1,/tc-dab_20200120
955,"","",False,2020-01-22 13:52:49.128563+09:00,"",4597,SBSP_toyota_u-boot,2,1,/SBSP_toyota_u-boot
957,"","",False,2020-01-22 15:09:34.010484+09:00,"",4599,SBSP_toyota_kernel_4.4,2,1,/SBSP_toyota_kernel_4.4
958,"","",False,2020-01-22 18:24:47.018892+09:00,"",4600,tc-dab-20200122,2,1,/tc-dab-20200122
959,"","",False,2020-01-28 16:28:45.977152+09:00,"",4612,audio_driver_kernel-4.14,11,1,/audio_driver_kernel-4.14
960,"","",False,2020-01-28 19:21:30.538949+09:00,"",4607,audio_driver_kernel-4.14_2,2,1,/audio_driver_kernel-4.14_2
962,"","",False,2020-01-30 10:43:24.906404+09:00,"",4614,tc-dab-20200130,3,1,/tc-dab-20200130
963,"","",False,2020-01-30 16:55:10.581956+09:00,"",4615,SBSP_u-boot_tcc899x_arm,2,1,/SBSP_u-boot_tcc899x_arm
964,"","",False,2020-01-30 17:06:17.297277+09:00,"",4651,SBSP_kernel-4.14_tcc899x_arm,3,1,/SBSP_kernel-4.14_tcc899x_arm
965,"","",False,2020-01-31 16:40:45.792648+09:00,"",4618,TCC899x_Android10_STB_0.2.0,2,3,/SecurityTeam/TCC899x_Android10_STB_0.2.0
966,"","",False,2020-01-31 16:48:35.395447+09:00,"",4619,TCC899x_Linux_STB_0.1.0,2,3,/SecurityTeam/TCC899x_Linux_STB_0.1.0
967,"","",False,2020-02-03 14:00:23.378937+09:00,"",4628,tc-dab-20200203,10,1,/tc-dab-20200203
968,"","",False,2020-02-04 15:41:10.572688+09:00,"",4630,tkernel-kernel_bsp,3,1,/tkernel-kernel_bsp
969,"","",False,2020-02-04 17:31:16.841506+09:00,"",4636,F190159_TEST,6,1,/F190159_TEST
970,"","",False,2020-02-04 20:21:08.684874+09:00,"",4634,tc-dab-20200204,3,1,/tc-dab-20200204
972,"","",False,2020-02-05 15:14:07.667539+09:00,"",4641,F190159_TEST3,2,1,/F190159_TEST3
973,"","",False,2020-02-06 10:26:16.197327+09:00,"",4650,tc-dab-20200206,6,1,/tc-dab-20200206
974,"","",False,2020-02-06 14:28:02.488371+09:00,"",4645,isdbt_dol,4,1,/isdbt_dol
975,"","",False,2020-02-10 14:33:43.214640+09:00,"",5250,tc_radio-hdr10_v1p1p8_hdradio,62,1,/tc_radio-hdr10_v1p1p8_hdradio
977,"","",False,2020-02-13 09:21:44.028652+09:00,"",7903,TCC8030_SDK_180,13,1,/TCC8030_SDK_180
978,"","",False,2020-02-14 16:42:17.846398+09:00,"",4704,tc_radio-hdr10_v1p1p9_hdradio,2,1,/tc_radio-hdr10_v1p1p9_hdradio
979,"","",False,2020-02-16 18:31:11.207898+09:00,"",4707,lvds_project,2,1,/lvds_project
980,"","",False,2020-02-17 10:29:50.943603+09:00,"",4708,lvds_test,2,1,/lvds_test
981,"","",False,2020-02-17 10:36:56.392304+09:00,"",4714,MLT_TMS,3,1,/MLT_TMS
983,"","",False,2020-02-18 16:34:45.723594+09:00,"",4716,tc-dab-20200218,3,1,/tc-dab-20200218
985,"","",False,2020-02-19 17:43:47.246604+09:00,"",4728,ys_bt_app2,9,1,/ys_bt_app2
987,"","",False,2020-02-20 15:30:19.412639+09:00,"",4725,tc-dab-20200220,2,1,/tc-dab-20200220
988,"","",False,2020-02-24 17:39:51.296692+09:00,"",5098,ECNR_capsulationCode,237,1,/ECNR_capsulationCode
989,"","",False,2020-02-27 15:38:11.983388+09:00,"",4753,tc-dab-20200227,3,1,/tc-dab-20200227
990,"","",False,2020-03-02 18:51:11.724601+09:00,"",4778,Test_Project,2,1,/Test_Project
991,"","",False,2020-03-02 18:56:15.055973+09:00,"",4780,tcc803x-atf,3,3,/SecurityTeam/tcc803x-atf
992,"","",False,2020-03-11 11:06:24.365375+09:00,"",5259,SBSP___,5,1,/SBSP___
993,"","",False,2020-03-11 11:12:38.937616+09:00,"",4967,SBSP_u-boot_tcc803x_arm,3,1,/SBSP_u-boot_tcc803x_arm
995,"","",False,2020-03-11 12:13:50.286518+09:00,"","",tc_radio-hdr1p5mrc_v1p0p0_hdradio,65,1,/tc_radio-hdr1p5mrc_v1p0p0_hdradio
996,"","",False,2020-03-11 14:19:02.326843+09:00,"","",B070083_OMX_TEST,3,1,/B070083_OMX_TEST
998,"","",False,2020-03-12 15:23:19.771305+09:00,"",5209,TC_ECNR_AVES_V1_4_0,7,1,/TC_ECNR_AVES_V1_4_0
999,"","",False,2020-03-17 16:39:54.873805+09:00,"",4922,Audio_HAL,3,1,/Audio_HAL
1000,"","",False,2020-03-17 16:45:40.318983+09:00,"",4923,TEST_MDS,2,1,/TEST_MDS
1001,"","",False,2020-03-17 16:49:51.937183+09:00,"",4925,AudioTutorial,3,1,/AudioTutorial
1002,"","",False,2020-03-17 17:05:23.169786+09:00,"",4926,AudioTutoriasl,2,1,/AudioTutoriasl
1003,"","",False,2020-03-17 17:05:53.253749+09:00,"",4927,AudioTutorials,2,1,/AudioTutorials
1004,"","",False,2020-03-17 17:14:56.496980+09:00,"",4931,AudioTutoriadls,4,1,/AudioTutoriadls
1005,"","",False,2020-03-17 17:22:08.385883+09:00,"",4932,CodeSonar_Audio_Tutorial,2,1,/CodeSonar_Audio_Tutorial
1006,"","",False,2020-03-17 17:25:47.168252+09:00,"",5258,AudioHal,4,1,/AudioHal
1007,"","",False,2020-03-17 17:26:31.765562+09:00,"",4934,AudioHal_1,2,1,/AudioHal_1
1008,"","",False,2020-03-17 17:30:08.086985+09:00,"",4935,AudioHal_2,2,1,/AudioHal_2
1009,"","",False,2020-03-17 17:32:39.942776+09:00,"",4939,tutorial1,3,1,/tutorial1
1010,"","",False,2020-03-17 17:35:34.682323+09:00,"",4937,tutorial2,2,1,/tutorial2
1011,"","",False,2020-03-17 17:50:51.035576+09:00,"",4938,CodeSonar_Tutorial11,2,1,/CodeSonar_Tutorial11
1012,"","",False,2020-03-17 18:02:48.535666+09:00,"",4941,tutorial21,3,1,/tutorial21
1013,"","",False,2020-03-17 18:43:08.125918+09:00,"",4942,audioHW,2,1,/audioHW
1014,"","",False,2020-03-17 18:49:50.875654+09:00,"",4943,audioHW2,2,1,/audioHW2
1015,"","",False,2020-03-17 18:54:27.080251+09:00,"",4944,audioHW3,2,1,/audioHW3
1016,"","",False,2020-03-17 18:54:56.947851+09:00,"",4945,audioHW4,2,1,/audioHW4
1017,"","",False,2020-03-17 18:58:07.364846+09:00,"",4946,audioHW5,2,1,/audioHW5
1018,"","",False,2020-03-17 19:04:27.415789+09:00,"",4947,audioHal,2,1,/audioHal
1019,"","",False,2020-03-17 19:05:07.194365+09:00,"",4948,audioHalName,2,1,/audioHalName
1020,"","",False,2020-03-17 19:05:32.326706+09:00,"",4949,audioHalAll,2,1,/audioHalAll
1021,"","",False,2020-03-17 19:06:02.035997+09:00,"",4950,audioHalAlll,2,1,/audioHalAlll
1022,"","",False,2020-03-17 19:07:05.235713+09:00,"",4952,audioHalAllll,3,1,/audioHalAllll
1023,"","",False,2020-03-17 19:48:50.772695+09:00,"",4954,AllHal,3,1,/AllHal
1024,"","",False,2020-03-17 20:21:20.364612+09:00,"",4958,MediaHAL,3,1,/MediaHAL
1025,"","",False,2020-03-18 01:23:51.601740+09:00,"",4959,MediaHAL2,2,1,/MediaHAL2
1026,"","",False,2020-03-18 01:25:37.165402+09:00,"",4960,MediaHAL3,2,1,/MediaHAL3
1027,"","",False,2020-03-18 10:24:01.806148+09:00,"",4961,dfs_0318,2,1,/dfs_0318
1028,"","",False,2020-03-18 18:46:55.878272+09:00,"",4968,SBSP_u-boot_tcc803x_fwdn32.rom_arm,2,1,/SBSP_u-boot_tcc803x_fwdn32.rom_arm
1029,"","",False,2020-03-18 18:58:50.707024+09:00,"",4969,SBSP_u-boot_tcc803_arm,2,1,/SBSP_u-boot_tcc803_arm
1031,"","",False,2020-03-20 14:34:29.318221+09:00,"",5064,190631Test,2,1,/190631Test
1032,"","",False,2020-03-20 15:36:05.245142+09:00,"",5074,190631Test2,3,1,/190631Test2
1033,"","",False,2020-03-20 15:36:16.845426+09:00,"",5073,SBSP_u-boot_t_t,2,1,/SBSP_u-boot_t_t
1034,"","",False,2020-03-23 17:46:40.625708+09:00,"",5093,tc-dab-20200323,2,1,/tc-dab-20200323
1035,"","",False,2020-03-25 10:57:57.422190+09:00,"",5127,tc-dab-20200325,3,1,/tc-dab-20200325
1036,"","",False,2020-03-25 14:55:26.918838+09:00,"",5130,SBSP_u-boot_tcc803x_arm_toyota,3,1,/SBSP_u-boot_tcc803x_arm_toyota
1039,"","",False,2020-03-25 15:22:49.074662+09:00,"",5125,SBSP_kernel-4.4_tcc803x_arm_toyota,2,1,/SBSP_kernel-4.4_tcc803x_arm_toyota
1041,"","",False,2020-03-27 10:50:28.027315+09:00,"",5204,tc-dab-20200327,13,1,/tc-dab-20200327
1042,"","",False,2020-03-27 19:18:40.142985+09:00,"",5199,tmplayer-a2dp,3,1,/tmplayer-a2dp
1059,"","",False,2020-03-31 14:06:10.869281+09:00,"",5225,Inntot_mwtest,2,1,/Inntot_mwtest
1062,"","",False,2020-04-01 13:29:53.306091+09:00,"",5229,AudioHal_HMK,3,1,/AudioHal_HMK
1063,"","",False,2020-04-01 13:33:20.486362+09:00,"",5230,AudioHal_HM,2,1,/AudioHal_HM
1064,"","",False,2020-04-01 14:00:20.082467+09:00,"",5231,AudioHal_H,2,1,/AudioHal_H
1065,"","",False,2020-04-01 14:10:07.986876+09:00,"",5233,tc-dab-20200401,3,1,/tc-dab-20200401
1066,"","",False,2020-04-02 19:49:46.906366+09:00,"",5238,AEC_FIXED_V1_04_10,5,1,/AEC_FIXED_V1_04_10
1067,"","",False,2020-04-03 09:26:47.665366+09:00,"",5239,audioHAL,2,1,/audioHAL
1068,"","",False,2020-04-03 09:33:20.346512+09:00,"",5240,audioHAL_1,2,1,/audioHAL_1
1069,"","",False,2020-04-03 18:40:14.207811+09:00,"",5251,tc-dab-20200403,2,1,/tc-dab-20200403
1070,"","",False,2020-04-07 18:11:11.422913+09:00,"",5254,tc-dab-20200407,3,1,/tc-dab-20200407
1071,"","",False,2020-04-09 17:07:24.568584+09:00,"",5260,SBSP_u-boot_tcc803x_ARM,3,1,/SBSP_u-boot_tcc803x_ARM
1072,"","",False,2020-04-10 17:49:10.706966+09:00,"",5261,a13_isdbt,2,1,/a13_isdbt
1076,"","",False,2020-04-14 17:03:26.951345+09:00,"",5275,TEST_1901592,2,1,/TEST_1901592
1081,"","",False,2020-04-15 17:37:55.042557+09:00,"",5279,timer_test,3,1,/timer_test
1082,"","",False,2020-04-16 22:56:39.636859+09:00,"",5287,bthal,2,1,/bthal
1083,"","",False,2020-04-17 18:08:32.386009+09:00,"",5295,SBSP_kernel-4.14_tcc803x_ARM,2,1,/SBSP_kernel-4.14_tcc803x_ARM
1084,"","",False,2020-04-20 12:07:01.214968+09:00,"",5298,tc-dab-20200417,3,1,/tc-dab-20200417
1085,"","",False,2020-04-22 16:16:17.435961+09:00,"",5306,tc-dab-20200422,2,1,/tc-dab-20200422
1086,"","",False,2020-04-24 19:34:37.548283+09:00,"",5312,tc-dab-20200424,3,1,/tc-dab-20200424
1087,"","",False,2020-04-28 18:21:42.518976+09:00,"",5314,B070083_android_omx_test,2,1,/B070083_android_omx_test
1088,"","",False,2020-04-28 20:13:10.694782+09:00,"",5420,ZzaU_hwr_v2_test_0428,6,1,/ZzaU_hwr_v2_test_0428
1089,"","",False,2020-04-28 20:50:05.662268+09:00,"",5421,ZzaU_hwr_v2_test_0428_1,25,1,/ZzaU_hwr_v2_test_0428_1
1090,"","",False,2020-04-29 20:59:06.640395+09:00,"",5345,tc-dab-20200429,2,1,/tc-dab-20200429
1094,"","",False,2020-05-06 11:26:10.842171+09:00,"",5361,HAL_Android10,2,1,/HAL_Android10
1095,"","",False,2020-05-06 11:27:13.565654+09:00,"",5362,audio,2,1,/audio
1097,"","",False,2020-05-06 11:41:32.047791+09:00,"",5366,media_hal1,3,1,/media_hal1
1098,"","",False,2020-05-06 13:26:21.547835+09:00,"",5368,media_hal2,3,1,/media_hal2
1099,"","",False,2020-05-06 13:37:45.576809+09:00,"",5369,media_hal3,2,1,/media_hal3
1100,"","",False,2020-05-06 14:04:04.147867+09:00,"",5370,media_hal4,2,1,/media_hal4
1101,"","",False,2020-05-06 14:05:47.872489+09:00,"",9096,ATF-BL2-SecureBoot-TCC803x,13,3,/SecurityTeam/ATF-BL2-SecureBoot-TCC803x
1102,"","",False,2020-05-06 14:15:29.588785+09:00,"",9097,ATF-BL31-SecureBoot-TCC803x,8,3,/SecurityTeam/ATF-BL31-SecureBoot-TCC803x
1106,"","",False,2020-05-06 15:35:03.951905+09:00,"",9090,HSM-TCC803x,7,3,/SecurityTeam/HSM-TCC803x
1114,"","",False,2020-05-07 10:58:15.104108+09:00,"",5406,b190631_test1,2,1,/b190631_test1
1115,"","",False,2020-05-07 10:59:35.045768+09:00,"",5407,b190631_test2,2,1,/b190631_test2
1116,"","",False,2020-05-07 12:34:08.252750+09:00,"",8411,DVRS_MF,3,1,/DVRS_MF
1117,"","",False,2020-05-07 13:38:48.926861+09:00,"",5410,b190631_project4,3,1,/b190631_project4
1118,"","",False,2020-05-07 13:47:52.513530+09:00,"",5411,b190631_project5,2,1,/b190631_project5
1119,"","",False,2020-05-08 00:11:45.393845+09:00,"",5418,b190631_project6,4,1,/b190631_project6
1121,"","",False,2020-05-08 12:27:47.336846+09:00,"",5533,ZzaU_hwr_v2_final,8,1,/ZzaU_hwr_v2_final
1122,"","",False,2020-05-08 13:23:04.393053+09:00,"",5425,b190631_project7,2,1,/b190631_project7
1123,"","",False,2020-05-08 13:35:59.766962+09:00,"",5427,AudioHal_test,2,1,/AudioHal_test
1124,"","",False,2020-05-08 13:55:01.048255+09:00,"",5439,b190631_audiohal,3,1,/b190631_audiohal
1125,"","",False,2020-05-11 10:31:35.489163+09:00,"",5442,b190631_camerahal,2,1,/b190631_camerahal
1134,"","",False,2020-05-13 14:04:14.252555+09:00,"",5463,B190049_ASFDMX,2,1,/B190049_ASFDMX
1142,"","",False,2020-05-14 09:56:24.533089+09:00,"",5471,DVRS_GUI_2020-05-12,2,1,/DVRS_GUI_2020-05-12
1144,"","",False,2020-05-18 17:12:55.938295+09:00,"",9599,DAB_SDR_Subdemod,73,1,/DAB_SDR_Subdemod
1146,"","",False,2020-05-19 17:04:35.096154+09:00,"",6290,DVRS_GUI_2020-05-11,21,1,/DVRS_GUI_2020-05-11
1148,"","",False,2020-05-19 21:38:44.668054+09:00,"",5498,TcBtApp,4,1,/TcBtApp
1150,"","",False,2020-05-20 20:33:30.205504+09:00,"",5502,tc-dab-20200520,2,1,/tc-dab-20200520
1154,"","",False,2020-05-22 16:03:13.413158+09:00,"",6415,B190191_test1,199,1,/B190191_test1
1155,"","",False,2020-05-25 16:33:24.422736+09:00,"",5851,bt_app_hidd,80,1,/bt_app_hidd
1159,"","",False,2020-05-27 16:42:44.386173+09:00,"",5680,kimd001,3,1,/kimd001
1160,"","",False,2020-05-27 16:53:14.658632+09:00,"",5683,kimd002,2,1,/kimd002
1161,"","",False,2020-05-27 17:53:03.321274+09:00,"","",btapp_gmk,71,1,/btapp_gmk
1162,"","",False,2020-05-27 20:31:09.435876+09:00,"",5718,kimd003,2,1,/kimd003
1163,"","",False,2020-05-27 21:24:41.521592+09:00,"",7935,kimd,117,1,/kimd
1164,"","",False,2020-05-28 16:57:38.105593+09:00,"",5811,tc-dab-20200528,2,1,/tc-dab-20200528
1169,"","",False,2020-06-02 11:40:27.288540+09:00,"",5974,bt_app_common,11,1,/bt_app_common
1173,"","",False,2020-06-10 02:44:53.728303+09:00,"",6421,tcc805x_pie_audioHal,4,1,/tcc805x_pie_audioHal
1174,"","",False,2020-06-10 02:59:12.277976+09:00,"",6329,tcc805x_pie_hwc,2,1,/tcc805x_pie_hwc
1175,"","",False,2020-06-10 03:02:50.231371+09:00,"",6330,tcc805x_pie_hwcHal,2,1,/tcc805x_pie_hwcHal
1176,"","",False,2020-06-10 03:10:55.886772+09:00,"",6331,hwc_hal_tcc805x,2,1,/hwc_hal_tcc805x
1177,"","",False,2020-06-10 09:43:29.488666+09:00,"",6335,hwc_hal_tcc805x_,3,1,/hwc_hal_tcc805x_
1178,"","",False,2020-06-10 09:57:00.345756+09:00,"",6336,tcc805xHwcHal,2,1,/tcc805xHwcHal
1179,"","",False,2020-06-10 10:20:35.176808+09:00,"",6395,bt_app_pan,7,1,/bt_app_pan
1181,"","",False,2020-06-10 22:01:32.688685+09:00,"",6376,mobis_ar_hud_lk_tcc,3,1,/mobis_ar_hud_lk_tcc
1182,"","",False,2020-06-11 01:15:26.319884+09:00,"",9161,hwc_hal_mht,5,1,/hwc_hal_mht
1183,"","",False,2020-06-11 01:42:12.251966+09:00,"",6378,camera_hal_mht,2,1,/camera_hal_mht
1184,"","",False,2020-06-12 12:19:03.545969+09:00,"",6399,bt_app_ssk,5,1,/bt_app_ssk
1185,"","",False,2020-06-14 13:10:34.859896+09:00,"",6414,nagra899x,3,3,/SecurityTeam/nagra899x
1186,"","",False,2020-06-15 09:25:20.193979+09:00,"",6416,B190191_test2,2,1,/B190191_test2
1187,"","",False,2020-06-15 09:26:38.767861+09:00,"",6419,B190191_test3,4,1,/B190191_test3
1189,"","",False,2020-06-17 11:38:45.923327+09:00,"",6478,BR_LINUX2_20200616,5,1,/BR_LINUX2_20200616
1190,"","",False,2020-06-17 18:01:13.314100+09:00,"",7867,mobis_ar_hud_lk_tcc-test,770,1,/mobis_ar_hud_lk_tcc-test
1191,"","",False,2020-06-17 18:23:45.589203+09:00,"",7857,mobis_ar_hud_tcc8021_evm-micom,8,1,/mobis_ar_hud_tcc8021_evm-micom
1192,"","",False,2020-06-18 18:43:05.585491+09:00,"","",tlmf_analysis_200610.1,2,1,/tlmf_analysis_200610.1
1193,"","",False,2020-06-18 18:54:52.218422+09:00,"",7847,mobis_ar_hud_lk_tcc-test_o,147,1,/mobis_ar_hud_lk_tcc-test_o
1194,"","",False,2020-06-18 19:05:28.334076+09:00,"",7484,tlmf_analysis_200618.1,23,1,/tlmf_analysis_200618.1
1195,"","",False,2020-06-19 09:44:10.886901+09:00,"",6750,mobis_ar_hud_lk_tcc-test-operand,63,1,/mobis_ar_hud_lk_tcc-test-operand
1196,"","",False,2020-06-19 11:33:27.316780+09:00,"",7493,mobis_ar_hud_snor_preloader,5,1,/mobis_ar_hud_snor_preloader
1198,"","",False,2020-06-19 17:09:11.923029+09:00,"",7539,mobis_ar_hud_preloader-test,23,1,/mobis_ar_hud_preloader-test
1199,"","",False,2020-06-19 17:14:01.562450+09:00,"",6659,802x_hud_ipc,2,1,/802x_hud_ipc
1202,"","",False,2020-06-22 11:54:48.287405+09:00,"",7201,mobis_ar_hud_preloader-test_main,95,1,/mobis_ar_hud_preloader-test_main
1205,"","",False,2020-06-23 12:10:22.276941+09:00,"",6979,codesonar_kernel-v4.14-tcc,2,1,/codesonar_kernel-v4.14-tcc
1206,"","",False,2020-06-23 12:17:31.022451+09:00,"",7859,kernel-v4.14_abap_for_dvrs,6,1,/kernel-v4.14_abap_for_dvrs
1208,"","",False,2020-06-25 11:04:40.397090+09:00,"",7488,mobis_ar_hud_preloader-test_o,9,1,/mobis_ar_hud_preloader-test_o
1209,"","",False,2020-06-26 11:22:42.614648+09:00,"",7591,TCC802x_MICOM_20200626_V113,2,1,/TCC802x_MICOM_20200626_V113
1210,"","",False,2020-06-26 13:01:24.521911+09:00,"",7619,media_200626,3,1,/media_200626
1214,"","",False,2020-07-01 11:13:51.459312+09:00,"",7886,B150205,10,1,/B150205
1215,"","",False,2020-07-01 11:33:32.228568+09:00,"",7871,TCC805x_MISRA2012_v150,2,1,/TCC805x_MISRA2012_v150
1216,"","",False,2020-07-01 11:36:58.159051+09:00,"",7872,TCC805x_MISRA2012_HUMAX_REQ,2,1,/TCC805x_MISRA2012_HUMAX_REQ
1217,"","",False,2020-07-03 15:17:13.831392+09:00,"",7875,drmhwc_hal_mht,2,1,/drmhwc_hal_mht
1218,"","",False,2020-07-03 15:18:52.216857+09:00,"",7876,audio_hal_mht,2,1,/audio_hal_mht
1219,"","",False,2020-07-03 15:20:42.914656+09:00,"",7877,audio_hal_mht2,2,1,/audio_hal_mht2
1220,"","",False,2020-07-03 17:04:20.918864+09:00,"",7878,hwc2x__mht,2,1,/hwc2x__mht
1221,"","",False,2020-07-03 17:08:38.243397+09:00,"",7879,hwc2x_mht,2,1,/hwc2x_mht
1222,"","",False,2020-07-08 11:29:23.204582+09:00,"",9469,iAP2.V200710.1,36,1,/iAP2.V200710.1
1223,"","",False,2020-07-08 13:23:12.685837+09:00,"",7891,TCC805x_MISRA2012_TELECHIPS,2,1,/TCC805x_MISRA2012_TELECHIPS
1224,"","",False,2020-07-08 13:24:49.195300+09:00,"",7897,TCC805x_TELECHIPS,5,1,/TCC805x_TELECHIPS
1225,"","",False,2020-07-08 14:35:14.218830+09:00,"",7895,CARPLAY_TELECHIPS,2,1,/CARPLAY_TELECHIPS
1226,"","",False,2020-07-10 10:43:43.394823+09:00,"",7900,drm_hwc_mht,2,1,/drm_hwc_mht
1227,"","",False,2020-07-12 13:07:44.214179+09:00,"",7909,hwc_v2x,2,1,/hwc_v2x
1231,"","",False,2020-07-14 11:17:58.991874+09:00,"",8359,br_linux3_mk,17,1,/br_linux3_mk
1232,"","",False,2020-07-15 09:39:50.624704+09:00,"",8028,B190191,22,1,/B190191
1233,"","",False,2020-07-15 11:59:29.482754+09:00,"",7979,tcc805x_graphic_mht,17,1,/tcc805x_graphic_mht
1235,"","",False,2020-07-17 14:02:14.776891+09:00,"",7977,weston_hal,2,1,/weston_hal
1236,"","",False,2020-07-17 15:42:17.653716+09:00,"",7981,tcc805x_graphic_mht2,3,1,/tcc805x_graphic_mht2
1237,"","",False,2020-07-17 16:20:46.048080+09:00,"",9180,weston_tcc805x,7,1,/weston_tcc805x
1238,"","",False,2020-07-20 19:56:25.155578+09:00,"",8023,B190468_codec2,2,1,/B190468_codec2
1239,"","",False,2020-07-20 20:09:11.356293+09:00,"",8024,B190468_codec2_2,2,1,/B190468_codec2_2
1240,"","",False,2020-07-20 20:45:50.136480+09:00,"",8025,B190468_codec2_3,2,1,/B190468_codec2_3
1241,"","",False,2020-07-21 08:00:08.079781+09:00,"",8027,hdcp-wfd,3,1,/hdcp-wfd
1242,"","",False,2020-07-21 09:39:50.945756+09:00,"",8182,B190191_1,44,1,/B190191_1
1243,"","",False,2020-07-21 10:38:23.006484+09:00,"",9598,ADMD,22,1,/ADMD
1244,"","",False,2020-07-21 13:48:56.634993+09:00,"",8032,B190468_codec2_4,2,1,/B190468_codec2_4
1245,"","",False,2020-07-21 14:26:54.182866+09:00,"",8033,B190468_codec2_5,2,1,/B190468_codec2_5
1246,"","",False,2020-07-21 14:30:15.146490+09:00,"",8034,B190468_codec2_6,2,1,/B190468_codec2_6
1247,"","",False,2020-07-21 16:48:25.998063+09:00,"",8035,B190468_codec2_7,2,1,/B190468_codec2_7
1248,"","",False,2020-07-21 17:20:32.623111+09:00,"",8036,B190468_codec2_8,2,1,/B190468_codec2_8
1249,"","",False,2020-07-21 17:48:17.417067+09:00,"",8037,B190468_codec2_9,2,1,/B190468_codec2_9
1250,"","",False,2020-07-21 18:09:00.764295+09:00,"",8038,B190468_codec2_10,2,1,/B190468_codec2_10
1251,"","",False,2020-07-21 18:14:06.130802+09:00,"",8039,B190468_codec2_11,2,1,/B190468_codec2_11
1252,"","",False,2020-07-21 18:33:42.606035+09:00,"",8096,B190468_codec2_12,3,1,/B190468_codec2_12
1253,"","",False,2020-07-22 09:59:47.187710+09:00,"",8041,cdk_805x,2,1,/cdk_805x
1254,"","",False,2020-07-22 10:00:42.002736+09:00,"",8042,cdk_audio_805x,2,1,/cdk_audio_805x
1255,"","",False,2020-07-22 10:10:56.895862+09:00,"",8068,als_audiocodec,4,1,/als_audiocodec
1256,"","",False,2020-07-22 10:11:05.002658+09:00,"",8069,als_demuxer,4,1,/als_demuxer
1257,"","",False,2020-07-22 10:11:11.536545+09:00,"",8070,als_videocodec,4,1,/als_videocodec
1258,"","",False,2020-07-22 10:15:34.027409+09:00,"",8046,als_aacdec,2,1,/als_aacdec
1259,"","",False,2020-07-22 10:15:34.484691+09:00,"",8047,als_ac3dec,2,1,/als_ac3dec
1260,"","",False,2020-07-22 10:15:35.005181+09:00,"",8048,als_amrnbdec,2,1,/als_amrnbdec
1261,"","",False,2020-07-22 10:15:35.519927+09:00,"",8049,als_apedec,2,1,/als_apedec
1262,"","",False,2020-07-22 10:15:35.752017+09:00,"",8063,als_autom4te.cache,3,1,/als_autom4te.cache
1263,"","",False,2020-07-22 10:15:36.273870+09:00,"",8051,als_ddpdec,2,1,/als_ddpdec
1264,"","",False,2020-07-22 10:15:36.807419+09:00,"",8052,als_dtsdec,2,1,/als_dtsdec
1265,"","",False,2020-07-22 10:15:37.316808+09:00,"",8053,als_flacdec,2,1,/als_flacdec
1266,"","",False,2020-07-22 10:15:37.533244+09:00,"",8054,als_include,2,1,/als_include
1267,"","",False,2020-07-22 10:15:37.752319+09:00,"",8065,als_m4,3,1,/als_m4
1268,"","",False,2020-07-22 10:15:38.259250+09:00,"",8056,als_mp3dec,2,1,/als_mp3dec
1269,"","",False,2020-07-22 10:15:38.799674+09:00,"",8057,als_opusdec,2,1,/als_opusdec
1270,"","",False,2020-07-22 10:15:39.347205+09:00,"",8058,als_wavdec,2,1,/als_wavdec
1271,"","",False,2020-07-22 10:15:39.885304+09:00,"",8059,als_wmadec,2,1,/als_wmadec
1272,"","",False,2020-07-22 10:20:07.848287+09:00,"",8064,als_gst,2,1,/als_gst
1273,"","",False,2020-07-22 10:27:20.996433+09:00,"",8073,als_,3,1,/als_
1290,"","",False,2020-07-22 16:30:10.385252+09:00,"",8102,B190468_codec2_13,2,1,/B190468_codec2_13
1292,"","",False,2020-07-22 17:49:11.122753+09:00,"",8116,B190468_codec2_1,2,1,/B190468_codec2_1
1293,"","",False,2020-07-22 17:49:16.739118+09:00,"",8117,B190468_codec2_14,2,1,/B190468_codec2_14
1294,"","",False,2020-07-22 17:58:27.834348+09:00,"",8120,B190468_codec2_15,2,1,/B190468_codec2_15
1295,"","",False,2020-07-22 18:31:51.996627+09:00,"",8122,B190468_codec2_16,2,1,/B190468_codec2_16
1296,"","",False,2020-07-22 18:56:21.168045+09:00,"",8123,B190468_codec2_17,2,1,/B190468_codec2_17
1297,"","",False,2020-07-22 19:00:51.639264+09:00,"",8124,B190468_codec2_18,2,1,/B190468_codec2_18
1298,"","",False,2020-07-22 19:16:28.098603+09:00,"",8125,B190468_codec2_19,2,1,/B190468_codec2_19
1299,"","",False,2020-07-22 19:23:29.644744+09:00,"",8126,B190468_codec2_20,2,1,/B190468_codec2_20
1300,"","",False,2020-07-22 19:27:23.945180+09:00,"",8127,B190468_codec2_21,2,1,/B190468_codec2_21
1301,"","",False,2020-07-22 19:38:33.035708+09:00,"",8128,B190468_codec2_22,2,1,/B190468_codec2_22
1302,"","",False,2020-07-22 19:51:37.418633+09:00,"",8129,B190468_codec2_23,2,1,/B190468_codec2_23
1303,"","",False,2020-07-22 20:15:27.167093+09:00,"",8130,B190468_codec2_24,2,1,/B190468_codec2_24
1304,"","",False,2020-07-22 20:24:57.567732+09:00,"",8152,B190468_codec2_25,3,1,/B190468_codec2_25
1305,"","",False,2020-07-22 20:34:45.197942+09:00,"",8165,B190468_codec2_26,3,1,/B190468_codec2_26
1306,"","",False,2020-07-22 20:46:56.839331+09:00,"",8133,B190468_codec2_27,2,1,/B190468_codec2_27
1307,"","",False,2020-07-22 20:53:06.347953+09:00,"",8170,B190468_codec2_28,3,1,/B190468_codec2_28
1308,"","",False,2020-07-22 21:00:51.486464+09:00,"",8186,B190468_codec2_29,3,1,/B190468_codec2_29
1310,"","",False,2020-07-23 12:01:50.680033+09:00,"",8352,ksc_5078_2020-07-23,85,1,/ksc_5078_2020-07-23
1311,"","",False,2020-07-24 11:02:06.870634+09:00,"",8233,test_fs,17,1,/test_fs
1314,"","",False,2020-07-27 20:50:32.404246+09:00,"",9520,telechips,4,1,/telechips
1315,"","",False,2020-07-27 21:52:14.937643+09:00,"",8246,dvrsprocessor,2,1,/dvrsprocessor
1316,"","",False,2020-07-28 10:39:56.254784+09:00,"",8255,dab_sdr_middleware_20200728,4,1,/dab_sdr_middleware_20200728
1317,"","",False,2020-07-28 11:32:50.084118+09:00,"",8256,B190468_codec2_30,2,1,/B190468_codec2_30
1318,"","",False,2020-07-28 11:37:32.963345+09:00,"",8338,DVRS_PROCESSOR_2020-07-28,8,1,/DVRS_PROCESSOR_2020-07-28
1322,"","",False,2020-07-28 16:22:23.076122+09:00,"","",codec2_avcEnc_20200728_2,2,1,/codec2_avcEnc_20200728_2
1323,"","",False,2020-07-28 17:14:49.437233+09:00,"","",media_20200728,2,1,/media_20200728
1324,"","",False,2020-07-28 17:15:54.360111+09:00,"",8365,DVRS_PROCESSOR_2020-07-28_Temp,35,1,/DVRS_PROCESSOR_2020-07-28_Temp
1325,"","",False,2020-07-28 17:53:31.001199+09:00,"","",codec2AvcEnc_20200728_3,2,1,/codec2AvcEnc_20200728_3
1326,"","",False,2020-07-28 18:23:05.304370+09:00,"",9046,DVRSApplication_20200728,28,1,/DVRSApplication_20200728
1327,"","",False,2020-07-28 18:27:34.524033+09:00,"","",codec2AvcEnc_20200728_4,2,1,/codec2AvcEnc_20200728_4
1328,"","",False,2020-07-28 19:22:34.916019+09:00,"","",codec2_temp,2,1,/codec2_temp
1329,"","",False,2020-07-29 09:24:56.368582+09:00,"","",codec2_avc_enc_20200729,2,1,/codec2_avc_enc_20200729
1330,"","",False,2020-07-29 11:38:35.830499+09:00,"",8340,DVRS_PROCESSOR_2020-07-29,3,1,/DVRS_PROCESSOR_2020-07-29
1331,"","",False,2020-07-29 15:02:32.538586+09:00,"",8371,DVRS_PROCESSOR_2020-07-29_step1,6,1,/DVRS_PROCESSOR_2020-07-29_step1
1336,"","",False,2020-07-30 10:33:16.604166+09:00,"",8373,DVRS_PROCESSOR_2020-07-30_step1_total_check,3,1,/DVRS_PROCESSOR_2020-07-30_step1_total_check
1346,"","",False,2020-07-30 11:07:19.354520+09:00,"",8384,mmt_audiocodec,2,1,/mmt_audiocodec
1347,"","",False,2020-07-30 11:25:08.887188+09:00,"",8385,B190468_codec2_31,2,1,/B190468_codec2_31
1348,"","",False,2020-07-30 11:31:32.266418+09:00,"",8386,mmt22_audiocodec,2,1,/mmt22_audiocodec
1351,"","",False,2020-07-30 15:58:42.736249+09:00,"",8394,DVRS_PROCESSOR_2020-07-30_step3,2,1,/DVRS_PROCESSOR_2020-07-30_step3
1352,"","",False,2020-07-30 17:54:43.388018+09:00,"",8395,tc-dvrs-gui-2020-07-30,2,1,/tc-dvrs-gui-2020-07-30
1354,"","",False,2020-07-30 22:03:08.455255+09:00,"",8397,B190468_codec2_33,2,1,/B190468_codec2_33
1355,"","",False,2020-07-31 10:59:36.128643+09:00,"",8398,B190468_codec2_35,2,1,/B190468_codec2_35
1356,"","",False,2020-07-31 11:21:31.746699+09:00,"",8399,B190468_codec2_36,2,1,/B190468_codec2_36
1357,"","",False,2020-07-31 15:15:06.398494+09:00,"",8400,B190468_codec2_hwr,2,1,/B190468_codec2_hwr
1358,"","",False,2020-07-31 15:33:02.817165+09:00,"",8401,B190468_codec2_hwr2,2,1,/B190468_codec2_hwr2
1360,"","",False,2020-08-03 20:49:08.133505+09:00,"",8410,tcc_fb_dual_lvds_code_verification,2,1,/tcc_fb_dual_lvds_code_verification
1361,"","",False,2020-08-04 12:24:42.211223+09:00,"",8419,vehicle_hal,3,1,/vehicle_hal
1362,"","",False,2020-08-04 13:35:39.133804+09:00,"",9069,AudioHAL_Step1,16,1,/AudioHAL_Step1
1363,"","",False,2020-08-04 14:44:47.998578+09:00,"",8415,B190468_hwr3,2,1,/B190468_hwr3
1364,"","",False,2020-08-04 15:09:47.395616+09:00,"",8417,B190468_hwr4,2,1,/B190468_hwr4
1365,"","",False,2020-08-04 15:27:55.753849+09:00,"",8418,B190468_media,2,1,/B190468_media
1366,"","",False,2020-08-04 16:22:11.545284+09:00,"",8420,B190468_hwr5,2,1,/B190468_hwr5
1367,"","",False,2020-08-04 16:45:00.592770+09:00,"",8422,B190468_hwr6,2,1,/B190468_hwr6
1368,"","",False,2020-08-04 16:58:21.054700+09:00,"",8855,B190468_media3,3,1,/B190468_media3
1369,"","",False,2020-08-04 17:08:15.578589+09:00,"",8424,B190468_codec2_804_2,2,1,/B190468_codec2_804_2
1370,"","",False,2020-08-04 18:35:28.814628+09:00,"",8441,TCLauncher,3,1,/TCLauncher
1371,"","",False,2020-08-04 19:25:38.993305+09:00,"",8427,B190468_codec2_enc,2,1,/B190468_codec2_enc
1372,"","",False,2020-08-04 19:29:51.662659+09:00,"",8428,B190468_codec2_enc2,2,1,/B190468_codec2_enc2
1373,"","",False,2020-08-05 10:18:58.934250+09:00,"",8448,dab_sdr_middleware_20200805,13,1,/dab_sdr_middleware_20200805
1374,"","",False,2020-08-05 12:09:39.457393+09:00,"",8439,dab_sdr_demod_20200805,2,1,/dab_sdr_demod_20200805
1375,"","",False,2020-08-05 14:52:59.459898+09:00,"",8463,tcc805x_androidp_kernel,4,1,/tcc805x_androidp_kernel
1376,"","",False,2020-08-05 15:03:19.416103+09:00,"",8449,Auxiliary,2,1,/Auxiliary
1378,"","",False,2020-08-05 15:46:12.815095+09:00,"",8453,DAB_SDR_Subdemod_20200805,2,1,/DAB_SDR_Subdemod_20200805
1379,"","",False,2020-08-05 16:36:47.244752+09:00,"",8470,Updater,4,1,/Updater
1380,"","",False,2020-08-05 20:13:09.326660+09:00,"",8458,tcc805x_androidp_uboot,2,1,/tcc805x_androidp_uboot
1381,"","",False,2020-08-05 20:19:25.755497+09:00,"",8489,fluoride,3,1,/fluoride
1382,"","",False,2020-08-05 21:55:39.124557+09:00,"",8467,B190468_media5,2,1,/B190468_media5
1383,"","",False,2020-08-05 22:04:42.596380+09:00,"",8468,B190468_media6,2,1,/B190468_media6
1384,"","",False,2020-08-05 22:11:19.858577+09:00,"",8469,B190468_media7,2,1,/B190468_media7
1385,"","",False,2020-08-06 12:25:45.751398+09:00,"",8475,camera_app_kernel-v4.14_TCC805x_AndroidP_IVI_1.0.0_QA_20200730,4,1,/camera_app_kernel-v4.14_TCC805x_AndroidP_IVI_1.0.0_QA_20200730
1386,"","",False,2020-08-06 13:58:15.606661+09:00,"",9366,camera_app_kernel-v4.14,6,1,/camera_app_kernel-v4.14
1387,"","",False,2020-08-06 15:20:21.261827+09:00,"",8508,dab_sdr_middleware_20200806,17,1,/dab_sdr_middleware_20200806
1389,"","",False,2020-08-06 16:45:45.649609+09:00,"",8500,tcc805x_android_p_ivi_uboot,3,1,/tcc805x_android_p_ivi_uboot
1390,"","",False,2020-08-06 16:55:16.354025+09:00,"",8490,B190049_20200806_codec2_avc_enc_1,2,1,/B190049_20200806_codec2_avc_enc_1
1391,"","",False,2020-08-06 20:18:35.945731+09:00,"",8507,tcc805x_android_p_ivi_kernel,3,1,/tcc805x_android_p_ivi_kernel
1392,"","",False,2020-08-07 11:59:40.172645+09:00,"",8512,B190049_20200806_codec2_avc_enc_2,2,1,/B190049_20200806_codec2_avc_enc_2
1393,"","",False,2020-08-07 13:08:07.632803+09:00,"",8513,B190049_20200806_codec2_avc_enc_3,2,1,/B190049_20200806_codec2_avc_enc_3
1394,"","",False,2020-08-07 15:00:11.987819+09:00,"",8514,B190049_20200806_codec2_avc_enc_4,2,1,/B190049_20200806_codec2_avc_enc_4
1395,"","",False,2020-08-07 15:11:02.273913+09:00,"",8515,B190049_20200806_codec2_avc_enc_5,2,1,/B190049_20200806_codec2_avc_enc_5
1396,"","",False,2020-08-07 15:11:44.892183+09:00,"",8528,dab_sdr_middleware_20200807,11,1,/dab_sdr_middleware_20200807
1397,"","",False,2020-08-07 19:22:59.787905+09:00,"",8526,B190049_20200806_codec2_avc_enc_6,2,1,/B190049_20200806_codec2_avc_enc_6
1398,"","",False,2020-08-10 10:13:37.236197+09:00,"",8531,B190049_20200806_codec2_avc_enc_7,2,1,/B190049_20200806_codec2_avc_enc_7
1399,"","",False,2020-08-10 10:30:01.459259+09:00,"",9206,HWC_Step1,3,1,/HWC_Step1
1410,"","",False,2020-08-10 12:00:59.613574+09:00,"",8617,dab_sdr_middleware_20200810_1,19,1,/dab_sdr_middleware_20200810_1
1414,"","",False,2020-08-10 12:26:21.486054+09:00,"",8549,B190049_20200810_avc_enc_1,2,1,/B190049_20200810_avc_enc_1
1415,"","",False,2020-08-10 14:04:17.982861+09:00,"",8553,tc_radio-hdr10_v1p1p8_peri,2,1,/tc_radio-hdr10_v1p1p8_peri
1416,"","",False,2020-08-10 14:18:07.427223+09:00,"",8632,tc_radio-hdr10_v1p2p2_peri,8,1,/tc_radio-hdr10_v1p2p2_peri
1418,"","",False,2020-08-10 15:43:50.193920+09:00,"",8676,bcastvh,9,1,/bcastvh
1421,"","",False,2020-08-10 17:06:02.807420+09:00,"",8995,DAB_SDR_MW,28,1,/DAB_SDR_MW
1435,"","",False,2020-08-10 19:57:13.308332+09:00,"",8623,EVS_Step1,5,1,/EVS_Step1
1436,"","",False,2020-08-11 10:57:17.550682+09:00,"",9369,tc_drm_codesonar_hal,30,1,/tc_drm_codesonar_hal
1437,"","",False,2020-08-11 11:21:24.376387+09:00,"",8713,tc_radio-hdr10_v1p2p2_tunerdrv,11,1,/tc_radio-hdr10_v1p2p2_tunerdrv
1438,"","",False,2020-08-11 11:38:35.831851+09:00,"",8754,dab_sdr_middleware_20200811,9,1,/dab_sdr_middleware_20200811
1440,"","",False,2020-08-11 16:15:50.932533+09:00,"",8709,tc_radio-hdr10_v1p2p2_hal,6,1,/tc_radio-hdr10_v1p2p2_hal
1441,"","",False,2020-08-11 17:34:05.263550+09:00,"",8714,B190468_codec2_wma_0811,2,1,/B190468_codec2_wma_0811
1442,"","",False,2020-08-11 17:34:43.109973+09:00,"",8982,tc_radio-hdr10_v1p2p2_hdradio,28,1,/tc_radio-hdr10_v1p2p2_hdradio
1443,"","",False,2020-08-11 17:48:00.624582+09:00,"",8717,B190468_codec2_811_2,2,1,/B190468_codec2_811_2
1445,"","",False,2020-08-11 20:15:55.586790+09:00,"",8732,B190468_codec2_811_3,3,1,/B190468_codec2_811_3
1448,"","",False,2020-08-12 15:08:54.124879+09:00,"",8766,B190468_codec2_811,3,1,/B190468_codec2_811
1449,"","",False,2020-08-12 16:03:04.752707+09:00,"",8846,B190468_codec2_812,4,1,/B190468_codec2_812
1450,"","",False,2020-08-12 17:42:21.957169+09:00,"",8814,dab_sdr_middleware_20200812,4,1,/dab_sdr_middleware_20200812
1451,"","",False,2020-08-12 17:50:36.025008+09:00,"",8781,pie-hwr_v2,3,1,/pie-hwr_v2
1452,"","",False,2020-08-12 17:56:29.798494+09:00,"",8786,pie-tcc_interface,3,1,/pie-tcc_interface
1454,"","",False,2020-08-13 09:51:53.465063+09:00,"",8924,dab_sdr_middleware_20200813,19,1,/dab_sdr_middleware_20200813
1455,"","",False,2020-08-13 10:20:44.339255+09:00,"",9081,tc_drm_codesonar_manager,18,1,/tc_drm_codesonar_manager
1456,"","",False,2020-08-13 11:25:24.327206+09:00,"",9189,tc_drm_codesonar_mw,17,1,/tc_drm_codesonar_mw
1457,"","",False,2020-08-13 13:19:54.359572+09:00,"",8866,pie-media,3,1,/pie-media
1458,"","",False,2020-08-13 18:06:26.364339+09:00,"",8918,tc_radio-hdr10_v1p2p2_mw,9,1,/tc_radio-hdr10_v1p2p2_mw
1460,"","",False,2020-08-14 10:38:15.182548+09:00,"",8945,A10-media,4,1,/A10-media
1461,"","",False,2020-08-14 10:47:39.793715+09:00,"",8926,A10-hwr_v2,2,1,/A10-hwr_v2
1462,"","",False,2020-08-14 10:53:17.647012+09:00,"",8942,A10-tcc_interface,4,1,/A10-tcc_interface
1463,"","",False,2020-08-17 11:29:42.556969+09:00,"",8940,dab_sdr_middleware_20200817,12,1,/dab_sdr_middleware_20200817
1472,"","",False,2020-08-18 14:42:58.922887+09:00,"",8985,tcc805x_linux_ivi_uboot,2,1,/tcc805x_linux_ivi_uboot
1474,"","",False,2020-08-18 15:09:38.918473+09:00,"",8991,tcc805x_linux_ivi_kernel,2,1,/tcc805x_linux_ivi_kernel
1478,"","",False,2020-08-19 17:46:50.428468+09:00,"",9011,dab_sdr_middleware_20200819,2,1,/dab_sdr_middleware_20200819
1479,"","",False,2020-08-19 17:51:05.074716+09:00,"",9012,tcc805x_android10_030_uboot,2,1,/tcc805x_android10_030_uboot
1480,"","",False,2020-08-19 20:59:57.346262+09:00,"",9016,tcc805x_android10_030_kernel,2,1,/tcc805x_android10_030_kernel
1481,"","",False,2020-08-20 10:03:45.329035+09:00,"",9049,tcc805x_hsm_micom,15,3,/SecurityTeam/tcc805x_hsm_micom
1482,"","",False,2020-08-20 10:21:47.948349+09:00,"",9023,tc_radio-hdr10_v1p2p3_peri,2,1,/tc_radio-hdr10_v1p2p3_peri
1483,"","",False,2020-08-20 10:22:44.326069+09:00,"",9024,tc_radio-hdr10_v1p2p3_tunerdrv,2,1,/tc_radio-hdr10_v1p2p3_tunerdrv
1484,"","",False,2020-08-20 10:23:19.915114+09:00,"",9025,tc_radio-hdr10_v1p2p3_hal,2,1,/tc_radio-hdr10_v1p2p3_hal
1485,"","",False,2020-08-20 10:24:02.186557+09:00,"",9029,tc_radio-hdr10_v1p2p3_hdradio,3,1,/tc_radio-hdr10_v1p2p3_hdradio
1486,"","",False,2020-08-20 10:25:03.502898+09:00,"",9027,tc_radio-hdr10_v1p2p3_mw,2,1,/tc_radio-hdr10_v1p2p3_mw
1487,"","",False,2020-08-20 10:45:15.646532+09:00,"",9060,tcc805x_hsm_firmware,6,3,/SecurityTeam/tcc805x_hsm_firmware
1488,"","",False,2020-08-20 11:53:38.475339+09:00,"",9078,dab_sdr_middleware_20200820,20,1,/dab_sdr_middleware_20200820
1489,"","",False,2020-08-20 13:34:33.878240+09:00,"",9059,tcc805x_hsm_driver,8,3,/SecurityTeam/tcc805x_hsm_driver
1490,"","",False,2020-08-21 17:19:35.368455+09:00,"",9594,HSM-TCC805x,8,3,/SecurityTeam/HSM-TCC805x
1492,"","",False,2020-08-21 18:56:58.473798+09:00,"",9100,HSM-Test,4,3,/SecurityTeam/HSM-Test
1495,"","",False,2020-08-25 17:53:43.327631+09:00,"",9637,TC_ECNR_AVES_V1_00_00,13,1,/TC_ECNR_AVES_V1_00_00
1497,"","",False,2020-08-26 10:46:21.572431+09:00,"",9120,widevine,4,3,/SecurityTeam/widevine
1504,"","",False,2020-08-31 11:12:59.901152+09:00,"","",B070083_codec2,14,1,/B070083_codec2
1506,"","",False,2020-09-01 19:33:04.588347+09:00,"",9167,B070083_codec2_ddp,4,1,/B070083_codec2_ddp
1507,"","",False,2020-09-02 09:30:24.076144+09:00,"",9164,tcc8050_dev_wayland_mht,2,1,/tcc8050_dev_wayland_mht
1508,"","",False,2020-09-02 11:28:40.491901+09:00,"",9177,weston_tcc805x_new,3,1,/weston_tcc805x_new
1509,"","",False,2020-09-02 12:16:35.139155+09:00,"",9178,weston_tcc805x_nnew,2,1,/weston_tcc805x_nnew
1511,"","",False,2020-09-02 14:37:36.627539+09:00,"",9196,B190049_codec2_mjpeg_decoder,3,1,/B190049_codec2_mjpeg_decoder
1515,"","",False,2020-09-02 17:23:02.764040+09:00,"",9226,hwc_10_v2.0_mht,6,1,/hwc_10_v2.0_mht
1516,"","",False,2020-09-02 17:24:58.165841+09:00,"",9202,hwc_09_v2.0_mht,2,1,/hwc_09_v2.0_mht
1517,"","",False,2020-09-03 15:02:07.477765+09:00,"",9230,dab_dds_library_20200807,3,1,/dab_dds_library_20200807
1518,"","",False,2020-09-03 15:11:50.285155+09:00,"",9495,hwc_10_v2.0,11,1,/hwc_10_v2.0
1520,"","",False,2020-09-03 15:29:14.687974+09:00,"",9297,dab_dds_library_20200903,10,1,/dab_dds_library_20200903
1523,"","",False,2020-09-03 15:34:10.088684+09:00,"",9238,dab_dfs_library_20200903,2,1,/dab_dfs_library_20200903
1525,"","",False,2020-09-03 15:39:50.272246+09:00,"",9244,dab_nsrc_library_20200903,4,1,/dab_nsrc_library_20200903
1529,"","",False,2020-09-03 15:47:22.803291+09:00,"",9252,dab_journaline_library_20200903,3,1,/dab_journaline_library_20200903
1532,"","",False,2020-09-03 15:56:27.165010+09:00,"",9257,isdbt_64_903,2,1,/isdbt_64_903
1538,"","",False,2020-09-03 16:35:20.592497+09:00,"",9275,805x_ipc,3,1,/805x_ipc
1540,"","",False,2020-09-03 16:40:45.185214+09:00,"",9270,isdbt_64_new,2,1,/isdbt_64_new
1541,"","",False,2020-09-03 16:49:39.235714+09:00,"",9449,carplay_20200903,18,1,/carplay_20200903
1543,"","",False,2020-09-03 17:31:22.708188+09:00,"",9281,clean,2,1,/clean
1544,"","",False,2020-09-03 18:15:40.729604+09:00,"",9286,805x_aux,2,1,/805x_aux
1545,"","",False,2020-09-03 18:34:41.311777+09:00,"",9640,805x_snor_update,4,1,/805x_snor_update
1546,"","",False,2020-09-03 19:38:10.601492+09:00,"",9639,805x_multimbox,3,1,/805x_multimbox
1548,"","",False,2020-09-04 10:31:19.163464+09:00,"",9632,DVRS_Common_Api_01,36,1,/DVRS_Common_Api_01
1549,"","",False,2020-09-04 11:02:31.173461+09:00,"",9312,dab_dds_library_20200904,6,1,/dab_dds_library_20200904
1550,"","",False,2020-09-04 12:10:01.696157+09:00,"",9332,dab_dfs_library_20200904,8,1,/dab_dfs_library_20200904
1552,"","",False,2020-09-07 15:34:18.204088+09:00,"",9415,tc-update-engine,13,1,/tc-update-engine
1553,"","",False,2020-09-07 17:09:20.214749+09:00,"",9493,TCC803x_MICOM_V1.9_CS,11,1,/TCC803x_MICOM_V1.9_CS
1556,"","",False,2020-09-08 10:04:59.363317+09:00,"",9437,805x_ckc_analysis,2,1,/805x_ckc_analysis
1557,"","",False,2020-09-08 11:42:35.077103+09:00,"",9456,dab_dfs_library_20200908,5,1,/dab_dfs_library_20200908
1559,"","",False,2020-09-08 13:45:12.013666+09:00,"",9475,OPTEE-TCC803x,4,3,/SecurityTeam/OPTEE-TCC803x
1560,"","",False,2020-09-08 15:21:28.234383+09:00,"",9458,carplay_android_20200908,3,1,/carplay_android_20200908
1561,"","",False,2020-09-08 15:59:25.250224+09:00,"",9460,KERNEL,2,1,/KERNEL
1562,"","",False,2020-09-08 16:17:58.480518+09:00,"",9461,B190494_805x_kernel,3,1,/B190494_805x_kernel
1563,"","",False,2020-09-08 21:15:26.368945+09:00,"",9558,B190494_805_kernel,21,1,/B190494_805_kernel
1564,"","",False,2020-09-09 07:34:25.305543+09:00,"",9476,OPTEE-TCC805x,2,3,/SecurityTeam/OPTEE-TCC805x
1565,"","",False,2020-09-09 11:39:24.991453+09:00,"",9501,ruleset1,7,1,/ruleset1
1567,"","",False,2020-09-09 15:41:43.507716+09:00,"",9526,als_apple-device-manager,3,1,/als_apple-device-manager
1568,"","",False,2020-09-09 15:41:57.491624+09:00,"",9575,als_libtc-dbgen,4,1,/als_libtc-dbgen
1569,"","",False,2020-09-09 15:42:11.637419+09:00,"",9528,als_libtc-gui-utils,3,1,/als_libtc-gui-utils
1570,"","",False,2020-09-09 15:47:09.515082+09:00,"",9506,als_libtc-ipc-ctrl,2,1,/als_libtc-ipc-ctrl
1571,"","",False,2020-09-09 15:47:18.930253+09:00,"",9529,als_libtc-utils,3,1,/als_libtc-utils
1572,"","",False,2020-09-09 15:47:27.761349+09:00,"",9508,als_tc-bt-phone,2,1,/als_tc-bt-phone
1573,"","",False,2020-09-09 15:47:28.182587+09:00,"",9509,als_tc-carplay-player,2,1,/als_tc-carplay-player
1574,"","",False,2020-09-09 15:47:28.554077+09:00,"",9510,als_tc-launcher,2,1,/als_tc-launcher
1575,"","",False,2020-09-09 15:47:33.963218+09:00,"",9531,als_tc-media-playback,3,1,/als_tc-media-playback
1576,"","",False,2020-09-09 15:47:46.512960+09:00,"",9512,als_tc-micom-manager,2,1,/als_tc-micom-manager
1577,"","",False,2020-09-09 15:47:53.182441+09:00,"",9532,als_tc-mode-manager,3,1,/als_tc-mode-manager
1578,"","",False,2020-09-09 15:48:08.851240+09:00,"",9514,als_tc-osd-app,2,1,/als_tc-osd-app
1579,"","",False,2020-09-09 15:48:09.146785+09:00,"",9515,als_tc-setting,2,1,/als_tc-setting
1580,"","",False,2020-09-09 15:48:14.367033+09:00,"",9533,als_tmplayer,3,1,/als_tmplayer
1581,"","",False,2020-09-09 15:48:39.807293+09:00,"",9517,als_tmplayer-gui,2,1,/als_tmplayer-gui
1582,"","",False,2020-09-09 15:49:12.869099+09:00,"",9518,TC_Step1,2,1,/TC_Step1
1583,"","",False,2020-09-09 16:26:12.669239+09:00,"",9618,SD_ruleset1,11,1,/SD_ruleset1
1584,"","",False,2020-09-09 18:43:23.843824+09:00,"",9646,android_10_hwc_v2.x,10,1,/android_10_hwc_v2.x
1585,"","",False,2020-09-10 06:00:12.778047+09:00,"",9553,android_10_hwc_v2.x_original,2,1,/android_10_hwc_v2.x_original
1586,"","",False,2020-09-10 10:03:36.084977+09:00,"",9568,CARPLAY.5.x.ANDROID,7,1,/CARPLAY.5.x.ANDROID
1591,"","",False,2020-09-10 15:18:44.712806+09:00,"",9572,iAP2.ANDROID,5,1,/iAP2.ANDROID
1592,"","",False,2020-09-10 15:44:09.410613+09:00,"",9574,weston,3,1,/weston
1594,"","",False,2020-09-10 20:54:55.913855+09:00,"",9592,TCC805x_HSM_FW,3,1,/TCC805x_HSM_FW
1595,"","",False,2020-09-11 10:52:27.612215+09:00,"",9600,tcc805x_android10_uboot,2,1,/tcc805x_android10_uboot
1596,"","",False,2020-09-11 11:40:46.625919+09:00,"",9607,tcc805x_kernel_v4.14,3,1,/tcc805x_kernel_v4.14
1597,"","",False,2020-09-11 11:58:39.326601+09:00,"",9642,tcc805x_uboot,12,1,/tcc805x_uboot
1598,"","",False,2020-09-11 13:48:48.848957+09:00,"",9638,805x_pwm_analysis,3,1,/805x_pwm_analysis
1599,"","",False,2020-09-11 20:47:52.652672+09:00,"",9623,tcc805x_android10_kernel,2,1,/tcc805x_android10_kernel
1600,"","",False,2020-09-11 22:10:31.962098+09:00,"","",mcu_bsp1,2,1,/mcu_bsp1
1602,"","",False,2020-09-11 22:13:28.237862+09:00,"",9636,mcu_bsp,6,1,/mcu_bsp
1603,"","",False,2020-09-13 16:47:49.665381+09:00,"",9631,B190494_805,2,1,/B190494_805
